"gene_name","uniprot_id","seq"
"AIFM1","O95831","MFRCGGLAAGALKQKLVPLVRTVCVRSPRQRNRLPGNLFQRWHVPLELQMTRQMASSGASGGKIDNSVLVLIVGLSTVGAGAYAYKTMKEDEKRYNERISGLGLTPEQKQKKAALSASEGEEVPQDKAPSHVPFLLIGGGTAAFAAARSIRARDPGARVLIVSEDPELPYMRPPLSKELWFSDDPNVTKTLRFKQWNGKERSIYFQPPSFYVSAQDLPHIENGGVAVLTGKKVVQLDVRDNMVKLNDGSQITYEKCLIATGGTPRSLSAIDRAGAEVKSRTTLFRKIGDFRSLEKISREVKSITIIGGGFLGSELACALGRKARALGTEVIQLFPEKGNMGKILPEYLSNWTMEKVRREGVKVMPNAIVQSVGVSSGKLLIKLKDGRKVETDHIVAAVGLEPNVELAKTGGLEIDSDFGGFRVNAELQARSNIWVAGDAACFYDIKLGRRRVEHHDHAVVSGRLAGENMTGAAKPYWHQSMFWSDLGPDVGYEAIGLVDSSLPTVGVFAKATAQDNPKSATEQSGTGIRSESETESEASEITIPPSTPAVPQAPVQGEDYGKGVIFYLRDKVVVGIVLWNIFNRMPIARKIIKDGEQHEDLNEVAKLFNIHED"
"AK2","P54819","MAPSVPAAEPEYPKGIRAVLLGPPGAGKGTQAPRLAENFCVCHLATGDMLRAMVASGSELGKKLKATMDAGKLVSDEMVVELIEKNLETPLCKNGFLLDGFPRTVRQAEMLDDLMEKRKEKLDSVIEFSIPDSLLIRRITGRLIHPKSGRSYHEEFNPPKEPMKDDITGEPLIRRSDDNEKALKIRLQAYHTQTTPLIEYYRKRGIHSAIDASQTPDVVFASILAAFSKATCKDLVMFI"
"ANP32A","P39687","MEMGRRIHLELRNRTPSDVKELVLDNSRSNEGKLEGLTDEFEELEFLSTINVGLTSIANLPKLNKLKKLELSDNRVSGGLEVLAEKCPNLTHLNLSGNKIKDLSTIEPLKKLENLKSLDLFNCEVTNLNDYRENVFKLLPQLTYLDGYDRDDKEAPDSDAEGYVEGLDDEEEDEDEEEYDEDAQVVEDEEDEDEEEEGEEEDVSGEEEEDEEGYNDGEVDDEEDEEELGEEERGQKRKREPEDEGEDDD"
"APAF1","O14727","MDAKARNCLLQHREALEKDIKTSYIMDHMISDGFLTISEEEKVRNEPTQQQRAAMLIKMILKKDNDSYVSFYNALLHEGYKDLAALLHDGIPVVSSSSGKDSVSGITSYVRTVLCEGGVPQRPVVFVTRKKLVNAIQQKLSKLKGEPGWVTIHGMAGCGKSVLAAEAVRDHSLLEGCFPGGVHWVSVGKQDKSGLLMKLQNLCTRLDQDESFSQRLPLNIEEAKDRLRILMLRKHPRSLLILDDVWDSWVLKAFDSQCQILLTTRDKSVTDSVMGPKYVVPVESSLGKEKGLEILSLFVNMKKADLPEQAHSIIKECKGSPLVVSLIGALLRDFPNRWEYYLKQLQNKQFKRIRKSSSYDYEALDEAMSISVEMLREDIKDYYTDLSILQKDVKVPTKVLCILWDMETEEVEDILQEFVNKSLLFCDRNGKSFRYYLHDLQVDFLTEKNCSQLQDLHKKIITQFQRYHQPHTLSPDQEDCMYWYNFLAYHMASAKMHKELCALMFSLDWIKAKTELVGPAHLIHEFVEYRHILDEKDCAVSENFQEFLSLNGHLLGRQPFPNIVQLGLCEPETSEVYQQAKLQAKQEVDNGMLYLEWINKKNITNLSRLVVRPHTDAVYHACFSEDGQRIASCGADKTLQVFKAETGEKLLEIKAHEDEVLCCAFSTDDRFIATCSVDKKVKIWNSMTGELVHTYDEHSEQVNCCHFTNSSHHLLLATGSSDCFLKLWDLNQKECRNTMFGHTNSVNHCRFSPDDKLLASCSADGTLKLWDATSANERKSINVKQFFLNLEDPQEDMEVIVKCCSWSADGARIMVAAKNKIFLFDIHTSGLLGEIHTGHHSTIQYCDFSPQNHLAVVALSQYCVELWNTDSRSKVADCRGHLSWVHGVMFSPDGSSFLTSSDDQTIRLWETKKVCKNSAVMLKQEVDVVFQENEVMVLAVDHIRRLQLINGRTGQIDYLTEAQVSCCCLSPHLQYIAFGDENGAIEILELVNNRIFQSRFQHKKTVWHIQFTADEKTLISSSDDAEIQVWNWQLDKCIFLRGHQETVKDFRLLKNSRLLSWSFDGTVKVWNIITGNKEKDFVCHQGTVLSCDISHDATKFSSTSADKTAKIWSFDLLLPLHELRGHNGCVRCSAFSVDSTLLATGDDNGEIRIWNVSNGELLHLCAPLSEEGAATHGGWVTDLCFSPDGKMLISAGGYIKWWNVVTGESSQTFYTNGTNLKKIHVSPDFKTYVTVDNLGILYILQTLE"
"AVEN","Q9NQS1","MQAERGARGGRGRRPGRGRPGGDRHSERPGAAAAVARGGGGGGGGDGGGRRGRGRGRGFRGARGGRGGGGAPRGSRREPGGWGAGASAPVEDDSDAETYGEENDEQGNYSKRKIVSNWDRYQDIEKEVNNESGESQRGTDFSVLLSSAGDSFSQFRFAEEKEWDSEASCPKQNSAFYVDSELLVRALQELPLCLRLNVAAELVQGTVPLEVPQVKPKRTDDGKGLGMQLKGPLGPGGRGPIFELKSVAAGCPVLLGKDNPSPGPSRDSQKPTSPLQSAGDHLEEELDLLLNLDAPIKEGDNILPDQTSQDLKSKEDGEVVQEEEVCAKPSVTEEKNMEPEQPSTSKNVTEEELEDWLDSMIS"
"BAD","Q92934","MFQIPEFEPSEQEDSSSAERGLGPSPAGDGPSGSGKHHRQAPGLLWDASHQQEQPTSSSHHGGAGAVEIRSRHSSYPAGTEDDEGMGEEPSPFRGRSRSAPPNLWAAQRYGRELRRMSDEFVDSFKKGLPRPKSAGTATQMRQSSSWTRVFQSWWDRNLGRGSSAPSQ"
"BAK1","Q16611","MASGQGPGPPRQECGEPALPSASEEQVAQDTEEVFRSYVFYRHQQEQEAEGVAAPADPEMVTLPLQPSSTMGQVGRQLAIIGDDINRRYDSEFQTMLQHLQPTAENAYEYFTKIATSLFESGINWGRVVALLGFGYRLALHVYQHGLTGFLGQVTRFVVDFMLHHCIARWIAQRGGWVAALNLGNGPILNVLVVLGVVLLGQFVVRRFFKS"
"BAX","Q07812","MDGSGEQPRGGGPTSSEQIMKTGALLLQGFIQDRAGRMGGEAPELALDPVPQDASTKKLSECLKRIGDELDSNMELQRMIAAVDTDSPREVFFRVAADMFSDGNFNWGRVVALFYFASKLVLKALCTKVPELIRTIMGWTLDFLRERLLGWIQDQGGWDGLLSYFGTPTWQTVTIFVAGVLTASLTIWKKMG"
"BBC3","Q9BXH1","MARARQEGSSPEPVEGLARDGPRPFPLGRLVPSAVSCGLCEPGLAAAPAAPTLLPAAYLCAPTAPPAVTAALGGSRWPGGPRSRPRGPRPDGPQPSLSLAEQHLESPVPSAPGALAGGPTQAAPGVRGEEEQWAREIGAQLRRMADDLNAQYERRRQEEQQRHRPSPWRVLYNLIMGLLPLPRGHRAPEMEPN"
"BCL2","P10415","MAHAGRTGYDNREIVMKYIHYKLSQRGYEWDAGDVGAAPPGAAPAPGIFSSQPGHTPHPAASRDPVARTSPLQTPAAPGAAAGPALSPVPPVVHLTLRQAGDDFSRRYRRDFAEMSSQLHLTPFTARGRFATVVEELFRDGVNWGRIVAFFEFGGVMCVESVNREMSPLVDNIALWMTEYLNRHLHTWIQDNGGWDAFVELYGPSMRPLFDFSWLSLKTLLSLALVGACITLGAYLGHK"
"BCL2A1","Q16548","MTDCEFGYIYRLAQDYLQCVLQIPQPGSGPSKTSRVLQNVAFSVQKEVEKNLKSCLDNVNVVSVDTARTLFNQVMEKEFEDGIINWGRIVTIFAFEGILIKKLLRQQIAPDVDTYKEISYFVAEFIMNNTGEWIRQNGGWENGFVKKFEPKSGWMTFLEVTGKICEMLSLLKQYC"
"BCL2L1","Q07817","MSQSNRELVVDFLSYKLSQKGYSWSQFSDVEENRTEAPEGTESEMETPSAINGNPSWHLADSPAVNGATGHSSSLDAREVIPMAAVKQALREAGDEFELRYRRAFSDLTSQLHITPGTAYQSFEQVVNELFRDGVNWGRIVAFFSFGGALCVESVDKEMQVLVSRIAAWMATYLNDHLEPWIQENGGWDTFVELYGNNAAAESRKGQERFNRWFLTGMTVAGVVLLGSLFSRK"
"BCL2L10","Q9HD36","MADPLRERTELLLADYLGYCAREPGTPEPAPSTPEAAVLRSAAARLRQIHRSFFSAYLGYPGNRFELVALMADSVLSDSPGPTWGRVVTLVTFAGTLLERGPLVTARWKKWGFQPRLKEQEGDVARDCQRLVALLSSRLMGQHRAWLQAQGGWDGFCHFFRTPFPLAFWRKQLVQAFLSCLLTTAFIYLWTRLL"
"BCL2L11","O43521","MAKQPSDVSSECDREGRQLQPAERPPQLRPGAPTSLQTEPQGNPEGNHGGEGDSCPHGSPQGPLAPPASPGPFATRSPLFIFMRRSSLLSRSSSGYFSFDTDRSPAPMSCDKSTQTPSPPCQAFNHYLSAMASMRQAEPADMRPEIWIAQELRRIGDEFNAYYARRVFLNNYQAAEDHPRMVILRLLRYIVRLVWRMH"
"BCL2L12","Q9HB09","MGRPAGLFPPLCPFLGFRPEACWERHMQIERAPSVPPFLRWAGYRPGPVRRRGKVELIKFVRVQWRRPQVEWRRRRWGPGPGASMAGSEELGLREDTLRVLAAFLRRGEAAGSPVPTPPRSPAQEEPTDFLSRLRRCLPCSLGRGAAPSESPRPCSLPIRPCYGLEPGPATPDFYALVAQRLEQLVQEQLKSPPSPELQGPPSTEKEAILRRLVALLEEEAEVINQKLASDPALRSKLVRLSSDSFARLVELFCSRDDSSRPSRACPGPPPPSPEPLARLALAMELSRRVAGLGGTLAGLSVEHVHSFTPWIQAHGGWEGILAVSPVDLNLPLD"
"BCL2L13","Q9BXK5","MASSSTVPLGFHYETKYVVLSYLGLLSQEKLQEQHLSSPQGVQLDIASQSLDQEILLKVKTEIEEELKSLDKEISEAFTSTGFDRHTSPVFSPANPESSMEDCLAHLGEKVSQELKEPLHKALQMLLSQPVTYQAFRECTLETTVHASGWNKILVPLVLLRQMLLELTRRGQEPLSALLQFGVTYLEDYSAEYIIQQGGWGTVFSLESEEEEYPGITAEDSNDIYILPSDNSGQVSPPESPTVTTSWQSESLPVSLSASQSWHTESLPVSLGPESWQQIAMDPEEVKSLDSNGAGEKSENNSSNSDIVHVEKEEVPEGMEEAAVASVVLPARELQEALPEAPAPLLPHITATSLLGTREPDTEVITVEKSSPATSLFVELDEEEVKAATTEPTEVEEVVPALEPTETLLSEKEINAREESLVEELSPASEKKPVPPSEGKSRLSPAGEMKPMPLSEGKSILLFGGAAAVAILAVAIGVALALRKK"
"BCL2L14","Q9BZR8","MCSTSGCDLEEIPLDDDDLNTIEFKILAYYTRHHVFKSTPALFSPKLLRTRSLSQRGLGNCSANESWTEVSWPCRNSQSSEKAINLGKKKSSWKAFFGVVEKEDSQSTPAKVSAQGQRTLEYQDSHSQQWSRCLSNVEQCLEHEAVDPKVISIANRVAEIVYSWPPPQATQAGGFKSKEIFVTEGLSFQLQGHVPVASSSKKDEEEQILAKIVELLKYSGDQLERKLKKDKALMGHFQDGLSYSVFKTITDQVLMGVDPRGESEVKAQGFKAALVIDVTAKLTAIDNHPMNRVLGFGTKYLKENFSPWIQQHGGWEKILGISHEEVD"
"BCL2L2","Q92843","MATPASAPDTRALVADFVGYKLRQKGYVCGAGPGEGPAADPLHQAMRAAGDEFETRFRRTFSDLAAQLHVTPGSAQQRFTQVSDELFQGGPNWGRLVAFFVFGAALCAESVNKEMEPLVGQVQEWMVAYLETQLADWIHSSGGWAEFTALYGDGALEEARRLREGNWASVRTVLTGAVALGALVTVGAFFASK"
"BECN1","Q14457","MEGSKTSNNSTMQVSFVCQRCSQPLKLDTSFKILDRVTIQELTAPLLTTAQAKPGETQEEETNSGEEPFIETPRQDGVSRRFIPPARMMSTESANSFTLIGEASDGGTMENLSRRLKVTGDLFDIMSGQTDVDHPLCEECTDTLLDQLDTQLNVTENECQNYKRCLEILEQMNEDDSEQLQMELKELALEEERLIQELEDVEKNRKIVAENLEKVQAEAERLDQEEAQYQREYSEFKRQQLELDDELKSVENQMRYAQTQLDKLKKTNVFNATFHIWHSGQFGTINNFRLGRLPSVPVEWNEINAAWGQTVLLLHALANKMGLKFQRYRLVPYGNHSYLESLTDKSKELPLYCSGGLRFFWDNKFDHAMVAFLDCVQQFKEEVEKGETRFCLPYRMDVEKGKIEDTGGSGGSYSIKTQFNSEEQWTKALKFMLTNLKWGLAWVSSQFYNK"
"BID","P55957","MDCEVNNGSSLRDECITNLLVFGFLQSCSDNSFRRELDALGHELPVLAPQWEGYDELQTDGNRSSHSRLGRIEADSESQEDIIRNIARHLAQVGDSMDRSIPPGLVNGLALQLRNTSRSEEDRNRDLATALEQLLQAYPRDMEKEKTMLVLALLLAKKVASHTPSLLRDVFHTTVNFINQNLRTYVRSLARNGMD"
"BIK","Q13323","MSEVRPLSRDILMETLLYEQLLEPPTMEVLGMTDSEEDLDPMEDFDSLECMEGSDALALRLACIGDEMDVSLRAPRLAQLSEVAMHSLGLAFIYDQTEDIRDVLRSFMDGFTTLKENIMRFWRSPNPGSWVSCEQVLLALLLLLALLLPLLSGGLHLLLK"
"BIRC1","Q13075","MATQQKASDERISQFDHNLLPELSALLGLDAVQLAKELEEEEQKERAKMQKGYNSQMRSEAKRLKTFVTYEPYSSWIPQEMAAAGFYFTGVKSGIQCFCCSLILFGAGLTRLPIEDHKRFHPDCGFLLNKDVGNIAKYDIRVKNLKSRLRGGKMRYQEEEARLASFRNWPFYVQGISPCVLSEAGFVFTGKQDTVQCFSCGGCLGNWEEGDDPWKEHAKWFPKCEFLRSKKSSEEITQYIQSYKGFVDITGEHFVNSWVQRELPMASAYCNDSIFAYEELRLDSFKDWPRESAVGVAALAKAGLFYTGIKDIVQCFSCGGCLEKWQEGDDPLDDHTRCFPNCPFLQNMKSSAEVTPDLQSRGELCELLETTSESNLEDSIAVGPIVPEMAQGEAQWFQEAKNLNEQLRAAYTSASFRHMSLLDISSDLATDHLLGCDLSIASKHISKPVQEPLVLPEVFGNLNSVMCVEGEAGSGKTVLLKKIAFLWASGCCPLLNRFQLVFYLSLSSTRPDEGLASIICDQLLEKEGSVTEMCVRNIIQQLKNQVLFLLDDYKEICSIPQVIGKLIQKNHLSRTCLLIAVRTNRARDIRRYLETILEIKAFPFYNTVCILRKLFSHNMTRLRKFMVYFGKNQSLQKIQKTPLFVAAICAHWFQYPFDPSFDDVAVFKSYMERLSLRNKATAEILKATVSSCGELALKGFFSCCFEFNDDDLAEAGVDEDEDLTMCLMSKFTAQRLRPFYRFLSPAFQEFLAGMRLIELLDSDRQEHQDLGLYHLKQINSPMMTVSAYNNFLNYVSSLPSTKAGPKIVSHLLHLVDNKESLENISENDDYLKHQPEISLQMQLLRGLWQICPQAYFSMVSEHLLVLALKTAYQSNTVAACSPFVLQFLQGRTLTLGALNLQYFFDHPESLSLLRSIHFPIRGNKTSPRAHFSVLETCFDKSQVPTIDQDYASAFEPMNEWERNLAEKEDNVKSYMDMQRRASPDLSTGYWKLSPKQYKIPCLEVDVNDIDVVGQDMLEILMTVFSASQRIELHLNHSRGFIESIRPALELSKASVTKCSISKLELSAAEQELLLTLPSLESLEVSGTIQSQDQIFPNLDKFLCLKELSVDLEGNINVFSVIPEEFPNFHHMEKLLIQISAEYDPSKLVKLIQNSPNLHVFHLKCNFFSDFGSLMTMLVSCKKLTEIKFSDSFFQAVPFVASLPNFISLKILNLEGQQFPDEETSEKFAYILGSLSNLEELILPTGDGIYRVAKLIIQQCQQLHCLRVLSFFKTLNDDSVVEIAKVAISGGFQKLENLKLSINHKITEEGYRNFFQALDNMPNLQELDISRHFTECIKAQATTVKSLSQCVLRLPRLIRLNMLSWLLDADDIALLNVMKERHPQSKYLTILQKWILPFSPIIQK"
"BIRC2","Q13490","MHKTASQRLFPGPSYQNIKSIMEDSTILSDWTNSNKQKMKYDFSCELYRMSTYSTFPAGVPVSERSLARAGFYYTGVNDKVKCFCCGLMLDNWKLGDSPIQKHKQLYPSCSFIQNLVSASLGSTSKNTSPMRNSFAHSLSPTLEHSSLFSGSYSSLSPNPLNSRAVEDISSSRTNPYSYAMSTEEARFLTYHMWPLTFLSPSELARAGFYYIGPGDRVACFACGGKLSNWEPKDDAMSEHRRHFPNCPFLENSLETLRFSISNLSMQTHAARMRTFMYWPSSVPVQPEQLASAGFYYVGRNDDVKCFCCDGGLRCWESGDDPWVEHAKWFPRCEFLIRMKGQEFVDEIQGRYPHLLEQLLSTSDTTGEENADPPIIHFGPGESSSEDAVMMNTPVVKSALEMGFNRDLVKQTVQSKILTTGENYKTVNDIVSALLNAEDEKREEEKEKQAEEMASDDLSLIRKNRMALFQQLTCVLPILDNLLKANVINKQEHDIIKQKTQIPLQARELIDTILVKGNAAANIFKNCLKEIDSTLYKNLFVDKNMKYIPTEDVSGLSLEEQLRRLQEERTCKVCMDKEVSVVFIPCGHLVVCQECAPSLRKCPICRGIIKGTVRTFLS"
"BIRC3","Q13489","MNIVENSIFLSNLMKSANTFELKYDLSCELYRMSTYSTFPAGVPVSERSLARAGFYYTGVNDKVKCFCCGLMLDNWKRGDSPTEKHKKLYPSCRFVQSLNSVNNLEATSQPTFPSSVTNSTHSLLPGTENSGYFRGSYSNSPSNPVNSRANQDFSALMRSSYHCAMNNENARLLTFQTWPLTFLSPTDLAKAGFYYIGPGDRVACFACGGKLSNWEPKDNAMSEHLRHFPKCPFIENQLQDTSRYTVSNLSMQTHAARFKTFFNWPSSVLVNPEQLASAGFYYVGNSDDVKCFCCDGGLRCWESGDDPWVQHAKWFPRCEYLIRIKGQEFIRQVQASYPHLLEQLLSTSDSPGDENAESSIIHFEPGEDHSEDAIMMNTPVINAAVEMGFSRSLVKQTVQRKILATGENYRLVNDLVLDLLNAEDEIREEERERATEEKESNDLLLIRKNRMALFQHLTCVIPILDSLLTAGIINEQEHDVIKQKTQTSLQARELIDTILVKGNIAATVFRNSLQEAEAVLYEHLFVQQDIKYIPTEDVSDLPVEEQLRRLQEERTCKVCMDKEVSIVFIPCGHLVVCKDCAPSLRKCPICRSTIKGTVRTFLS"
"BMF","Q96LC9","MEPSQCVEELEDDVFQPEDGEPVTQPGSLLSADLFAQSLLDCPLSRLQLFPLTHCCGPGLRPTSQEDKATQTLSPASPSQGVMLPCGVTEEPQRLFYGNAGYRLPLPASFPAVLPIGEQPPEGQWQHQAEVQIARKLQCIADQFHRLHVQQHQQNQNRVWWQILLFLHNLALNGEENRNGAGPR"
"BNIP3","Q12983","MSQNGAPGMQEESLQGSWVELHFSNNGNGGSVPASVSIYNGDMEKILLDAQHESGRSSSKSSHCDSPPRSQTPQDTNRASETDTHSIGEKNSSQSEEDDIERRKEVESILKKNSDWIWDWSSRPENIPPKEFLFKHPKRTATLSMRNTSVMKKGGIFSAEFLKVFLPSLLLSHLLAIGLGIYIGRRLTTSTSTF"
"BNIP3L","O60238","MSSHLVEPPPPLHNNNNNCEENEQSLPPPAGLNSSWVELPMNSSNGNDNGNGKNGGLEHVPSSSSIHNGDMEKILLDAQHESGQSSSRGSSHCDSPSPQEDGQIMFDVEMHTSRDHSSQSEEEVVEGEKEVEALKKSADWVSDWSSRPENIPPKEFHFRHPKRSVSLSMRKSGAMKKGGIFSAEFLKVFIPSLFLSHVLALGLGIYIGKRLSTPSASTY"
"BOK","Q9UMX3","MEVLRRSSVFAAEIMDAFDRSPTDKELVAQAKALGREYVHARLLRAGLSWSAPERAAPVPGRLAEVCAVLLRLGDELEMIRPSVYRNVARQLHISLQSEPVVTDAFLAVAGHIFSAGITWGKVVSLYAVAAGLAVDCVRQAQPAMVHALVDCLGEFVRKTLATWLRRRGGWTDVLKCVVSTDPGLRSHWLVAALCSFGRFLKAAFFVLLPER"
"CASP1","P29466","MADKVLKEKRKLFIRSMGEGTINGLLDELLQTRVLNKEEMEKVKRENATVMDKTRALIDSVIPKGAQACQICITYICEEDSYLAGTLGLSADQTSGNYLNMQDSQGVLSSFPAPQAVQDNPAMPTSSGSEGNVKLCSLEEAQRIWKQKSAEIYPIMDKSSRTRLALIICNEEFDSIPRRTGAEVDITGMTMLLQNLGYSVDVKKNLTASDMTTELEAFAHRPEHKTSDSTFLVFMSHGIREGICGKKHSEQVPDILQLNAIFNMLNTKNCPSLKDKPKVIIIQACRGDSPGVVWFKDSVGVSGNLSLPTTEEFEDDAIKKAHIEKDFIAFCSSTPDNVSWRHPTMGSVFIGRLIEHMQEYACSCDVEEIFRKVRFSFEQPDGRAQMPTTERVTLTRCFYLFPGH"
"CASP10","Q92851","MKSQGQHWYSSSDKNCKVSFREKLLIIDSNLGVQDVENLKFLCIGLVPNKKLEKSSSASDVFEHLLAEDLLSEEDPFFLAELLYIIRQKKLLQHLNCTKEEVERLLPTRQRVSLFRNLLYELSEGIDSENLKDMIFLLKDSLPKTEMTSLSFLAFLEKQGKIDEDNLTCLEDLCKTVVPKLLRNIEKYKREKAIQIVTPPVDKEAESYQGEEELVSQTDVKTFLEALPQESWQNKHAGSNGNRATNGAPSLVSRGMQGASANTLNSETSTKRAAVYRMNRNHRGLCVIVNNHSFTSLKDRQGTHKDAEILSHVFQWLGFTVHIHNNVTKVEMEMVLQKQKCNPAHADGDCFVFCILTHGRFGAVYSSDEALIPIREIMSHFTALQCPRLAEKPKLFFIQACQGEEIQPSVSIEADALNPEQAPTSLQDSIPAEADFLLGLATVPGYVSFRHVEEGSWYIQSLCNHLKKLVPRMLKFLEKTMEIRGRKRTVWGAKQISATSLPTAISAQTPRPPMRRWSSVS"
"CASP12","Q6UXS9","MADEKPSNGVLVHMVKLLIKTFLDGIFDDLMENNVLNTDEIHLIGKCLKFVVSNAENLVDDITETAQTAGKIFREHLWNSKKQLSSDISSDGEREANMPGLNIRNKEFNYLHNRNGSELDLLGMRDLLENLGYSVVIKENLTAQEMETALRQFAAHPEHQSSDSTFLVFMSHSILNGICGTKHWDQEPDVLHDDTIFEIFNNRNCQSLKDKPKVIIMQACRGNGAGIVWFTTDSGKAGADTHGRLLQGNICNDAVTKAHVEKDFIAFKSSTPHNVSWRHETNGSVFISQIIYYFREYSWSHHLEEIFQKVQHSFETPNILTQLPTIERLSMTRYFYLFPGN"
"CASP14","P31944","MSNPRSLEEEKYDMSGARLALILCVTKAREGSEEDLDALEHMFRQLRFESTMKRDPTAEQFQEELEKFQQAIDSREDPVSCAFVVLMAHGREGFLKGEDGEMVKLENLFEALNNKNCQALRAKPKVYIIQACRGEQRDPGETVGGDEIVMVIKDSPQTIPTYTDALHVYSTVEGYIAYRHDQKGSCFIQTLVDVFTKRKGHILELLTEVTRRMAEAELVQEGKARKTNPEIQSTLRKRLYLQ"
"CASP2","P42575","MAAPSAGSWSTFQHKELMAADRGRRILGVCGMHPHHQETLKKNRVVLAKQLLLSELLEHLLEKDIITLEMRELIQAKVGSFSQNVELLNLLPKRGPQAFDAFCEALRETKQGHLEDMLLTTLSGLQHVLPPLSCDYDLSLPFPVCESCPLYKKLRLSTDTVEHSLDNKDGPVCLQVKPCTPEFYQTHFQLAYRLQSRPRGLALVLSNVHFTGEKELEFRSGGDVDHSTLVTLFKLLGYDVHVLCDQTAQEMQEKLQNFAQLPAHRVTDSCIVALLSHGVEGAIYGVDGKLLQLQEVFQLFDNANCPSLQNKPKMFFIQACRGDETDRGVDQQDGKNHAGSPGCEESDAGKEKLPKMRLPTRSDMICGYACLKGTAAMRNTKRGSWYIEALAQVFSERACDMHVADMLVKVNALIKDREGYAPGTEFHRCKEMSEYCSTLCRHLYLFPGHPPT"
"CASP3","P42574","MENTENSVDSKSIKNLEPKIIHGSESMDSGISLDNSYKMDYPEMGLCIIINNKNFHKSTGMTSRSGTDVDAANLRETFRNLKYEVRNKNDLTREEIVELMRDVSKEDHSKRSSFVCVLLSHGEEGIIFGTNGPVDLKKITNFFRGDRCRSLTGKPKLFIIQACRGTELDCGIETDSGVDDDMACHKIPVEADFLYAYSTAPGYYSWRNSKDGSWFIQSLCAMLKQYADKLEFMHILTRVNRKVATEFESFSFDATFHAKKQIPCIVSMLTKELYFYH"
"CASP4","P49662","MAEGNHRKKPLKVLESLGKDFLTGVLDNLVEQNVLNWKEEEKKKYYDAKTEDKVRVMADSMQEKQRMAGQMLLQTFFNIDQISPNKKAHPNMEAGPPESGESTDALKLCPHEEFLRLCKERAEEIYPIKERNNRTRLALIICNTEFDHLPPRNGADFDITGMKELLEGLDYSVDVEENLTARDMESALRAFATRPEHKSSDSTFLVLMSHGILEGICGTVHDEKKPDVLLYDTIFQIFNNRNCLSLKDKPKVIIVQACRGANRGELWVRDSPASLEVASSQSSENLEEDAVYKTHVEKDFIAFCSSTPHNVSWRDSTMGSIFITQLITCFQKYSWCCHLEEVFRKVQQSFETPRAKAQMPTIERLSMTRYFYLFPGN"
"CASP5","P51878","MAEDSGKKKRRKNFEAMFKGILQSGLDNFVINHMLKNNVAGQTSIQTLVPNTDQKSTSVKKDNHKKKTVKMLEYLGKDVLHGVFNYLAKHDVLTLKEEEKKKYYDTKIEDKALILVDSLRKNRVAHQMFTQTLLNMDQKITSVKPLLQIEAGPPESAESTNILKLCPREEFLRLCKKNHDEIYPIKKREDRRRLALIICNTKFDHLPARNGAHYDIVGMKRLLQGLGYTVVDEKNLTARDMESVLRAFAARPEHKSSDSTFLVLMSHGILEGICGTAHKKKKPDVLLYDTIFQIFNNRNCLSLKDKPKVIIVQACRGEKHGELWVRDSPASLALISSQSSENLEADSVCKIHEEKDFIAFCSSTPHNVSWRDRTRGSIFITELITCFQKYSCCCHLMEIFRKVQKSFEVPQAKAQMPTIERATLTRDFYLFPGN"
"CASP6","P55212","MSSASGLRRGHPAGGEENMTETDAFYKREMFDPAEKYKMDHRRRGIALIFNHERFFWHLTLPERRGTCADRDNLTRRFSDLGFEVKCFNDLKAEELLLKIHEVSTVSHADADCFVCVFLSHGEGNHIYAYDAKIEIQTLTGLFKGDKCHSLVGKPKIFIIQACRGNQHDVPVIPLDVVDNQTEKLDTNITEVDAASVYTLPAGADFLMCYSVAEGYYSHRETVNGSWYIQDLCEMLGKYGSSLEFTELLTLVNRKVSQRRVDFCKDPSAIGKKQVPCFASMLTKKLHFFPKSN"
"CASP7","P55210","MADDQGCIEEQGVEDSANEDSVDAKPDRSSFVPSLFSKKKKNVTMRSIKTTRDRVPTYQYNMNFEKLGKCIIINNKNFDKVTGMGVRNGTDKDAEALFKCFRSLGFDVIVYNDCSCAKMQDLLKKASEEDHTNAACFACILLSHGEENVIYGKDGVTPIKDLTAHFRGDRCKTLLEKPKLFFIQACRGTELDDGIQADSGPINDTDANPRYKIPVEADFLFAYSTVPGYYSWRSPGRGSWFVQALCSILEEHGKDLEIMQILTRVNDRVARHFESQSDDPHFHEKKQIPCVVSMLTKELYFSQ"
"CASP8","Q14790","MDFSRNLYDIGEQLDSEDLASLKFLSLDYIPQRKQEPIKDALMLFQRLQEKRMLEESNLSFLKELLFRINRLDLLITYLNTRKEEMERELQTPGRAQISAYRVMLYQISEEVSRSELRSFKFLLQEEISKCKLDDDMNLLDIFIEMEKRVILGEGKLDILKRVCAQINKSLLKIINDYEEFSKERSSSLEGSPDEFSNGEELCGVMTISDSPREQDSESQTLDKVYQMKSKPRGYCLIINNHNFAKAREKVPKLHSIRDRNGTHLDAGALTTTFEELHFEIKPHDDCTVEQIYEILKIYQLMDHSNMDCFICCILSHGDKGIIYGTDGQEAPIYELTSQFTGLKCPSLAGKPKVFFIQACQGDNYQKGIPVETDSEEQPYLEMDLSSPQTRYIPDEADFLLGMATVNNCVSYRNPAEGTWYIQSLCQSLRERCPRGDDILTILTEVNYEVSNKDDKKNMGKQMPQPTFTLRKKLVFPSD"
"CASP9","P55211","MDEADRRLLRRCRLRLVEELQVDQLWDALLSRELFRPHMIEDIQRAGSGSRRDQARQLIIDLETRGSQALPLFISCLEDTGQDMLASFLRTNRQAAKLSKPTLENLTPVVLRPEIRKPEVLRPETPRPVDIGSGGFGDVGALESLRGNADLAYILSMEPCGHCLIINNVNFCRESGLRTRTGSNIDCEKLRRRFSSLHFMVEVKGDLTAKKMVLALLELAQQDHGALDCCVVVILSHGCQASHLQFPGAVYGTDGCPVSVEKIVNIFNGTSCPSLGGKPKLFFIQACGGEQKDHGFEVASTSPEDESPGSNPEPDATPFQEGLRTFDQLDAISSLPTPSDIFVSYSTFPGFVSWRDPKSGSWYVETLDDIFEQWAHSEDLQSLLLRVANAVSVKGIYKQMPGCFNFLRKKLFFKTS"
"CFLAR","O15519","MSAEVIHQVEEALDTDEKEMLLFLCRDVAIDVVPPNVRDLLDILRERGKLSVGDLAELLYRVRRFDLLKRILKMDRKAVETHLLRNPHLVSDYRVLMAEIGEDLDKSDVSSLIFLMKDYMGRGKISKEKSFLDLVVELEKLNLVAPDQLDLLEKCLKNIHRIDLKTKIQKYKQSVQGAGTSYRNVLQAAIQKSLKDPSNNFRLHNGRSKEQRLKEQLGAQQEPVKKSIQESEAFLPQSIPEERYKMKSKPLGICLIIDCIGNETELLRDTFTSLGYEVQKFLHLSMHGISQILGQFACMPEHRDYDSFVCVLVSRGGSQSVYGVDQTHSGLPLHHIRRMFMGDSCPYLAGKPKMFFIQNYVVSEGQLEDSSLLEVDGPAMKNVEFKAQKRGLCTVHREADFFWSLCTADMSLLEQSHSSPSLYLQCLSQKLRQERKRPLLDLHIELNGYMYDWNSRVSAKEKYYVWLQHTLRKKLILSYT"
"CRADD","P78560","MEARDKQVLRSLRLELGAEVLVEGLVLQYLYQEGILTENHIQEINAQTTGLRKTMLLLDILPSRGPKAFDTFLDSLQEFPWVREKLKKAREEAMTDLPAGDRLTGIPSHILNSSPSDRQINQLAQRLGPEWEPMVLSLGLSQTDIYRCKANHPHNVQSQVVEAFIRWRQRFGKQATFQSLHNGLRAVEVDPSLLLHMLE"
"CSE1L","P55060","MELSDANLQTLTEYLKKTLDPDPAIRRPAEKFLESVEGNQNYPLLLLTLLEKSQDNVIKVCASVTFKNYIKRNWRIVEDEPNKICEADRVAIKANIVHLMLSSPEQIQKQLSDAISIIGREDFPQKWPDLLTEMVNRFQSGDFHVINGVLRTAHSLFKRYRHEFKSNELWTEIKLVLDAFALPLTNLFKATIELCSTHANDASALRILFSSLILISKLFYSLNFQDLPEFFEDNMETWMNNFHTLLTLDNKLLQTDDEEEAGLLELLKSQICDNAALYAQKYDEEFQRYLPRFVTAIWNLLVTTGQEVKYDLLVSNAIQFLASVCERPHYKNLFEDQNTLTSICEKVIVPNMEFRAADEEAFEDNSEEYIRRDLEGSDIDTRRRAACDLVRGLCKFFEGPVTGIFSGYVNSMLQEYAKNPSVNWKHKDAAIYLVTSLASKAQTQKHGITQANELVNLTEFFVNHILPDLKSANVNEFPVLKADGIKYIMIFRNQVPKEHLLVSIPLLINHLQAESIVVHTYAAHALERLFTMRGPNNATLFTAAEIAPFVEILLTNLFKALTLPGSSENEYIMKAIMRSFSLLQEAIIPYIPTLITQLTQKLLAVSKNPSKPHFNHYMFEAICLSIRITCKANPAAVVNFEEALFLVFTEILQNDVQEFIPYVFQVMSLLLETHKNDIPSSYMALFPHLLQPVLWERTGNIPALVRLLQAFLERGSNTIASAAADKIPGLLGVFQKLIASKANDHQGFYLLNSIIEHMPPESVDQYRKQIFILLFQRLQNSKTTKFIKSFLVFINLYCIKYGALALQEIFDGIQPKMFGMVLEKIIIPEIQKVSGNVEKKICAVGITKLLTECPPMMDTEYTKLWTPLLQSLIGLFELPEDDTIPDEEHFIDIEDTPGYQTAFSQLAFAGKKEHDPVGQMVNNPKIHLAQSLHKLSTACPGRVPSMVSTSLNAEALQYLQGYLQAASVTLL"
"CYCS","P99999","MGDVEKGKKIFIMKCSQCHTVEKGGKHKTGPNLHGLFGRKTGQAPGYSYTAANKNKGIIWGEDTLMEYLENPKKYIPGTKMIFVGIKKKEERADLIAYLKKATNE"
"CYLD","Q9NQC7","MSSGLWSQEKVTSPYWEERIFYLLLQECSVTDKQTQKLLKVPKGSIGQYIQDRSVGHSRIPSAKGKKNQIGLKILEQPHAVLFVDEKDVVEINEKFTELLLAITNCEERFSLFKNRNRLSKGLQIDVGCPVKVQLRSGEEKFPGVVRFRGPLLAERTVSGIFFGVELLEEGRGQGFTDGVYQGKQLFQCDEDCGVFVALDKLELIEDDDTALESDYAGPGDTMQVELPPLEINSRVSLKVGETIESGTVIFCDVLPGKESLGYFVGVDMDNPIGNWDGRFDGVQLCSFACVESTILLHINDIIPALSESVTQERRPPKLAFMSRGVGDKGSSSHNKPKATGSTSDPGNRNRSELFYTLNGSSVDSQPQSKSKNTWYIDEVAEDPAKSLTEISTDFDRSSPPLQPPPVNSLTTENRFHSLPFSLTKMPNTNGSIGHSPLSLSAQSVMEELNTAPVQESPPLAMPPGNSHGLEVGSLAEVKENPPFYGVIRWIGQPPGLNEVLAGLELEDECAGCTDGTFRGTRYFTCALKKALFVKLKSCRPDSRFASLQPVSNQIERCNSLAFGGYLSEVVEENTPPKMEKEGLEIMIGKKKGIQGHYNSCYLDSTLFCLFAFSSVLDTVLLRPKEKNDVEYYSETQELLRTEIVNPLRIYGYVCATKIMKLRKILEKVEAASGFTSEEKDPEEFLNILFHHILRVEPLLKIRSAGQKVQDCYFYQIFMEKNEKVGVPTIQQLLEWSFINSNLKFAEAPSCLIIQMPRFGKDFKLFKKIFPSLELNITDLLEDTPRQCRICGGLAMYECRECYDDPDISAGKIKQFCKTCNTQVHLHPKRLNHKYNPVSLPKDLPDWDWRHGCIPCQNMELFAVLCIETSHYVAFVKYGKDDSAWLFFDSMADRDGGQNGFNIPQVTPCPEVGEYLKMSLEDLHSLDSRRIQGCARRLLCDAYMCMYQSPTMSLYK"
"DIABLO","Q9NR28","MAALKSWLSRSVTSFFRYRQCLCVPVVANFKKRCFSELIRPWHKTVTIGFGVTLCAVPIAQKSEPHSLSSEALMRRAVSLVTDSTSTFLSQTTYALIEAITEYTKAVYTLTSLYRQYTSLLGKMNSEEEDEVWQVIIGARAEMTSKHQEYLKLETTWMTAVGLSEMAAEAAYQTGADQASITARNHIQLVKLQVEEVHQLSRKAETKLAEAQIEELRQKTQEEGEERAESEQEAYLRED"
"ENDOG","Q14249","MRALRAGLTLASGAGLGAVVEGWRRRREDARAAPGLLGRLPVLPVAAAAELPPVPGGPRGPGELAKYGLPGLAQLKSRESYVLCYDPRTRGALWVVEQLRPERLRGDGDRRECDFREDDSVHAYHRATNADYRGSGFDRGHLAAAANHRWSQKAMDDTFYLSNVAPQVPHLNQNAWNNLEKYSRSLTRSYQNVYVCTGPLFLPRTEADGKSYVKYQVIGKNHVAVPTHFFKVLILEAAGGQIELRTYVMPNAPVDEAIPLERFLVPIESIERASGLLFVPNILARAGSLKAITAGSK"
"FADD","Q13158","MDPFLVLLHSVSSSLSSSELTELKFLCLGRVGKRKLERVQSGLDLFSMLLEQNDLEPGHTELLRELLASLRRHDLLRRVDDFEAGAAAGAAPGEEDLCAAFNVICDNVGKDWRRLARQLKVSDTKIDSIEDRYPRNLTERVRESLRIWKNTEKENATVAHLVGALRSCQMNLVADLVQEVQQARDLQNRSGAMSPMSWNSDASTSEAS"
"FAS","P25445","MLGIWTLLPLVLTSVARLSSKSVNAQVTDINSKGLELRKTVTTVETQNLEGLHHDGQFCHKPCPPGERKARDCTVNGDEPDCVPCQEGKEYTDKAHFSSKCRRCRLCDEGHGLEVEINCTRTQNTKCRCKPNFFCNSTVCEHCDPCTKCEHGIIKECTLTSNTKCKEEGSRSNLGWLCLLLLPIPLIVWVKRKEVQKTCRKHRKENQGSHESPTLNPETVAINLSDVDLSKYITTIAGVMTLSQVKGFVRKNGVNEAKIDEIKNDNVQDTAEQKVQLLRNWHQLHGKKEAYDTLIKDLKKANLCTLAEKIQTIILKDITSDSENSNFRNEIQSLV"
"FASLG","P48023","MQQPFNYPYPQIYWVDSSASSPWAPPGTVLPCPTSVPRRPGQRRPPPPPPPPPLPPPPPPPPLPPLPLPPLKKRGNHSTGLCLLVMFFMVLVALVGLGLGMFQLFHLQKELAELRESTSQMHTASSLEKQIGHPSPPPEKKELRKVAHLTGKSNSRSMPLEWEDTYGIVLLSGVKYKKGGLVINETGLYFVYSKVYFRGQSCNNLPLSHKVYMRNSKYPQDLVMMEGKMMSYCTTGQMWARSSYLGAVFNLTSADHLYVNVSELSLVNFEESQTFFGLYKL"
"GAPDH","P04406","MGKVKVGVNGFGRIGRLVTRAAFNSGKVDIVAINDPFIDLNYMVYMFQYDSTHGKFHGTVKAENGKLVINGNPITIFQERDPSKIKWGDAGAEYVVESTGVFTTMEKAGAHLQGGAKRVIISAPSADAPMFVMGVNHEKYDNSLKIISNASCTTNCLAPLAKVIHDNFGIVEGLMTTVHAITATQKTVDGPSGKLWRDGRGALQNIIPASTGAAKAVGKVIPELNGKLTGMAFRVPTANVSVVDLTCRLEKPAKYDDIKKVVKQASEGPLKGILGYTEHQVVSSDFNSDTHSSTFDAGAGIALNDHFVKLISWYDNEFGYSNRVVDLMAHMASKE"
"HRK","O00198","MCPCPLHRGRGPPAVCACSAGRLGLRSSAAQLTAARLKALGDELHQRTMWRRRARSRRAPAPGALPTYWPWLCAAAQVAALAAWLLGRRNL"
"HTRA2","O43464","MAAPRAGRGAGWSLRAWRALGGIRWGRRPRLTPDLRALLTSGTSDPRARVTYGTPSLWARLSVGVTEPRACLTSGTPGPRAQLTAVTPDTRTREASENSGTRSRAWLAVALGAGGAVLLLLWGGGRGPPAVLAAVPSPPPASPRSQYNFIADVVEKTAPAVVYIEILDRHPFLGREVPISNGSGFVVAADGLIVTNAHVVADRRRVRVRLLSGDTYEAVVTAVDPVADIATLRIQTKEPLPTLPLGRSADVRQGEFVVAMGSPFALQNTITSGIVSSAQRPARDLGLPQTNVEYIQTDAAIDFGNSGGPLVNLDGEVIGVNTMKVTAGISFAIPSDRLREFLHRGEKKNSSSGISGSQRRYIGVMMLTLSPSILAELQLREPSFPDVQHGVLIHKVILGSPAHRAGLRPGDVILAIGEQMVQNAEDVYEAVRTQSQLAVQIRRGRETLTLYVTPEVTE"
"LRDD","Q9HB75","MAATVEGPELEAAAAAGDASEDSDAGSRALPFLGGNRLSLDLYPGGCQQLLHLCVQQPLQLLQVEFLRLSTHEDPQLLEATLAQLPQSLSCLRSLVLKGGQRRDTLGACLRGALTNLPAGLSGLAHLAHLDLSFNSLETLPACVLQMRGLGALLLSHNCLSELPEALGALPALTFLTVTHNRLQTLPPALGALSTLQRLDLSQNLLDTLPPEIGGLGSLLELNLASNRLQSLPASLAGLRSLRLLVLHSNLLASVPADLARLPLLTRLDLRDNQLRDLPPELLDAPFVRLQGNPLGEASPDAPSSPVAALIPEMPRLFLTSDLDSFPVTPQGCSVTLACGVRLQFPAGATATPITIRYRLLLPEPGLVPLGPHDALLSHVLELQPHGVAFQQDVGLWLLFTPPQARRCREVVVRTRNDNSWGDLETYLEEEAPQRLWAHCQVPHFSWFLVVSRPVSNACLVPPEGTLLCSSGHPGVKVIFPPGATEEPRRVSMQVVRMAGRELQALLGEPEAAVSPLLCLSQSGPPSFLQPVTVQLPLPSGITGLSLDRSRLHLLYWAPPAATWDDITAQVVLELTHLYARFQVTHFSWYWLWYTTKNCVGGLARKAWERLRLHRVNLIALQRRRDPEQVLLQCLPRNKVDATLRRLLERYRGPEPSDTVEMFEGEEFFAAFERGIDVDADRPDCVEGRICFVFYSHLKNVKEVYVTTTLDREAQAVRGQVSFYRGAVPVRVPEEAEAARQRKGADALWMATLPIKLPRLRGSEGPRRGAGLSLAPLNLGDAETGFLTQSNLLSVAGRLGLDWPAVALHLGVSYREVQRIRHEFRDDLDEQIRHMLFSWAERQAGQPGAVGLLVQALEQSDRQDVAEEVRAVLELGRRKYQDSIRRMGLAPKDPALPGSSAPQPPEPAQA"
"MALT1","Q9UDY8","MSLLGDPLQALPPSAAPTGPLLAPPAGATLNRLREPLLRRLSELLDQAPEGRGWRRLAELAGSRGRLRLSCLDLEQCSLKVLEPEGSPSLCLLKLMGEKGCTVTELSDFLQAMEHTEVLQLLSPPGIKITVNPESKAVLAGQFVKLCCRATGHPFVQYQWFKMNKEIPNGNTSELIFNAVHVKDAGFYVCRVNNNFTFEFSQWSQLDVCDIPESFQRSVDGVSESKLQICVEPTSQKLMPGSTLVLQCVAVGSPIPHYQWFKNELPLTHETKKLYMVPYVDLEHQGTYWCHVYNDRDSQDSKKVEIIIGRTDEAVECTEDELNNLGHPDNKEQTTDQPLAKDKVALLIGNMNYREHPKLKAPLVDVYELTNLLRQLDFKVVSLLDLTEYEMRNAVDEFLLLLDKGVYGLLYYAGHGYENFGNSFMVPVDAPNPYRSENCLCVQNILKLMQEKETGLNVFLLDMCRKRNDYDDTIPILDALKVTANIVFGYATCQGAEAFEIQHSGLANGIFMKFLKDRLLEDKKITVLLDEVAEDMGKCHLTKGKQALEIRSSLSEKRALTDPIQGTEYSAESLVRNLQWAKAHELPESMCLKFDCGVQIQLGFAAEFSNVMIIYTSIVYKPPEIIMCDAYVTDFPLDLDIDPKDANKGTPEETGSYLVSKDLPKHCLYTRLSSLQKLKEHLVFTVCLSYQYSGLEDTVEDKQEVNVGKPLIAKLDMHRGLGRKTCFQTCLMSNGPYQSSAATSGGAGHYHSLQDPFHGVYHSHPGNPSNVTPADSCHCSRTPDAFISSFAHHASCHFSRSNVPVETTDEIPFSFSDRLRISEK"
"MAPK8","P45983","MSRSKRDNNFYSVEIGDSTFTVLKRYQNLKPIGSGAQGIVCAAYDAILERNVAIKKLSRPFQNQTHAKRAYRELVLMKCVNHKNIIGLLNVFTPQKSLEEFQDVYIVMELMDANLCQVIQMELDHERMSYLLYQMLCGIKHLHSAGIIHRDLKPSNIVVKSDCTLKILDFGLARTAGTSFMMTPYVVTRYYRAPEVILGMGYKENVDLWSVGCIMGEMVCHKILFPGRDYIDQWNKVIEQLGTPCPEFMKKLQPTVRTYVENRPKYAGYSFEKLFPDVLFPADSEHNKLKASQARDLLSKMLVIDASKRISVDEALQHPYINVWYDPSEAEAPPPKIPDKQLDEREHTIEEWKELIYKEVMDLEERTKNGVIRGQPSPLGAAVINGSQHPSSSSSVNDVSSMSTDPTLASDTDSSLEAAAGPLGCCR"
"MCL1","Q07820","MFGLKRNAVIGLNLYCGGAGLGAGSGGATRPGGRLLATEKEASARREIGGGEAGAVIGGSAGASPPSTLTPDSRRVARPPPIGAEVPDVTATPARLLFFAPTRRAAPLEEMEAPAADAIMSPEEELDGYEPEPLGKRPAVLPLLELVGESGNNTSTDGSLPSTPPPAEEEEDELYRQSLEIISRYLREQATGAKDTKPMGRSGATSRKALETLRRVGDGVQRNHETAFQGMLRKLDIKNEDDVKSLSRVMIHVFSDGVTNWGRIVTLISFGAFVAKHLKTINQESCIEPLAESITDVLVRTKRDWLVKQRGWDGFVEFFHVEDLEGGIRNVLLAFAGVAGVGAGLAYLIR"
"MOAP1","Q96BY2","MTLRLLEDWCRGMDMNPRKALLIAGISQSCSVAEIEEALQAGLAPLGEYRLLGRMFRRDENRKVALVGLTAETSHALVPKEIPGKGGIWRVIFKPPDPDNTFLSRLNEFLAGEGMTVGELSRALGHENGSLDPEQGMIPEMWAPMLAQALEALQPALQCLKYKKLRVFSGRESPEPGEEEFGRWMFHTTQMIKAWQVPDVEKRRRLLESLRGPALDVIRVLKINNPLITVDECLQALEEVFGVTDNPRELQVKYLTTYQKDEEKLSAYVLRLEPLLQKLVQRGAIERDAVNQARLDQVIAGAVHKTIRRELNLPEDGPAPGFLQLLVLIKDYEAAEEEEALLQAILEGNFT"
"MYD88","Q99836","MAAGGPGAGSAAPVSSTSSLPLAALNMRVRRRLSLFLNVRTQVAADWTALAEEMDFEYLEIRQLETQADPTGRLLDAWQGRPGASVGRLLELLTKLGRDDVLLELGPSIEEDCQKYILKQQQEEAEKPLQVAAVDSSVPRTAELAGITTLDDPLGHMPERFDAFICYCPSDIQFVQEMIRQLEQTNYRLKLCVSDRDVLPGTCVWSIASELIEKRCRRMVVVVSDDYLQSKECDFQTKFALSLSPGAHQKRLIPIKYKAMKKEFPSILRFITVCDYTNPCTKSWFWTRLAKALSLP"
"NLRP1","Q9C000","MAGGAWGRLACYLEFLKKEELKEFQLLLANKAHSRSSSGETPAQPEKTSGMEVASYLVAQYGEQRAWDLALHTWEQMGLRSLCAQAQEGAGHSPSFPYSPSEPHLGSPSQPTSTAVLMPWIHELPAGCTQGSERRVLRQLPDTSGRRWREISASLLYQALPSSPDHESPSQESPNAPTSTAVLGSWGSPPQPSLAPREQEAPGTQWPLDETSGIYYTEIREREREKSEKGRPPWAAVVGTPPQAHTSLQPHHHPWEPSVRESLCSTWPWKNEDFNQKFTQLLLLQRPHPRSQDPLVKRSWPDYVEENRGHLIEIRDLFGPGLDTQEPRIVILQGAAGIGKSTLARQVKEAWGRGQLYGDRFQHVFYFSCRELAQSKVVSLAELIGKDGTATPAPIRQILSRPERLLFILDGVDEPGWVLQEPSSELCLHWSQPQPADALLGSLLGKTILPEASFLITARTTALQNLIPSLEQARWVEVLGFSESSRKEYFYRYFTDERQAIRAFRLVKSNKELWALCLVPWVSWLACTCLMQQMKRKEKLTLTSKTTTTLCLHYLAQALQAQPLGPQLRDLCSLAAEGIWQKKTLFSPDDLRKHGLDGAIISTFLKMGILQEHPIPLSYSFIHLCFQEFFAAMSYVLEDEKGRGKHSNCIIDLEKTLEAYGIHGLFGASTTRFLLGLLSDEGEREMENIFHCRLSQGRNLMQWVPSLQLLLQPHSLESLHCLYETRNKTFLTQVMAHFEEMGMCVETDMELLVCTFCIKFSRHVKKLQLIEGRQHRSTWSPTMVVLFRWVPVTDAYWQILFSVLKVTRNLKELDLSGNSLSHSAVKSLCKTLRRPRCLLETLRLAGCGLTAEDCKDLAFGLRANQTLTELDLSFNVLTDAGAKHLCQRLRQPSCKLQRLQLVSCGLTSDCCQDLASVLSASPSLKELDLQQNNLDDVGVRLLCEGLRHPACKLIRLGLDQTTLSDEMRQELRALEQEKPQLLIFSRRKPSVMTPTEGLDTGEMSNSTSSLKRQRLGSERAASHVAQANLKLLDVSKIFPIAEIAEESSPEVVPVELLCVPSPASQGDLHTKPLGTDDDFWGPTGPVATEVVDKEKNLYRVHFPVAGSYRWPNTGLCFVMREAVTVEIEFCVWDQFLGEINPQHSWMVAGPLLDIKAEPGAVEAVHLPHFVALQGGHVDTSLFQMAHFKEEGMLLEKPARVELHHIVLENPSFSPLGVLLKMIHNALRFIPVTSVVLLYHRVHPEEVTFHLYLIPSDCSIRKAIDDLEMKFQFVRIHKPPPLTPLYMGCRYTVSGSGSGMLEILPKELELCYRSPGEDQLFSEFYVGHLGSGIRLQVKDKKDETLVWEALVKPGDLMPATTLIPPARIAVPSPLDAPQLLHFVDQYREQLIARVTSVEVVLDKLHGQVLSQEQYERVLAENTRPSQMRKLFSLSQSWDRKCKDGLYQALKETHPHLIMELWEKGSKKGLLPLSS"
"NLRP3","Q96P20","MKMASTRCKLARYLEDLEDVDLKKFKMHLEDYPPQKGCIPLPRGQTEKADHVDLATLMIDFNGEEKAWAMAVWIFAAINRRDLYEKAKRDEPKWGSDNARVSNPTVICQEDSIEEEWMGLLEYLSRISICKMKKDYRKKYRKYVRSRFQCIEDRNARLGESVSLNKRYTRLRLIKEHRSQQEREQELLAIGKTKTCESPVSPIKMELLFDPDDEHSEPVHTVVFQGAAGIGKTILARKMMLDWASGTLYQDRFDYLFYIHCREVSLVTQRSLGDLIMSCCPDPNPPIHKIVRKPSRILFLMDGFDELQGAFDEHIGPLCTDWQKAERGDILLSSLIRKKLLPEASLLITTRPVALEKLQHLLDHPRHVEILGFSEAKRKEYFFKYFSDEAQARAAFSLIQENEVLFTMCFIPLVCWIVCTGLKQQMESGKSLAQTSKTTTAVYVFFLSSLLQPRGGSQEHGLCAHLWGLCSLAADGIWNQKILFEESDLRNHGLQKADVSAFLRMNLFQKEVDCEKFYSFIHMTFQEFFAAMYYLLEEEKEGRTNVPGSRLKLPSRDVTVLLENYGKFEKGYLIFVVRFLFGLVNQERTSYLEKKLSCKISQQIRLELLKWIEVKAKAKKLQIQPSQLELFYCLYEMQEEDFVQRAMDYFPKIEINLSTRMDHMVSSFCIENCHRVESLSLGFLHNMPKEEEEEEKEGRHLDMVQCVLPSSSHAACSHGLVNSHLTSSFCRGLFSVLSTSQSLTELDLSDNSLGDPGMRVLCETLQHPGCNIRRLWLGRCGLSHECCFDISLVLSSNQKLVELDLSDNALGDFGIRLLCVGLKHLLCNLKKLWLVSCCLTSACCQDLASVLSTSHSLTRLYVGENALGDSGVAILCEKAKNPQCNLQKLGLVNSGLTSVCCSALSSVLSTNQNLTHLYLRGNTLGDKGIKLLCEGLLHPDCKLQVLELDNCNLTSHCCWDLSTLLTSSQSLRKLSLGNNDLGDLGVMMFCEVLKQQSCLLQNLGLSEMYFNYETKSALETLQEEKPELTVVFEPSW"
"NOL3","O60936","MGNAQERPSETIDRERKRLVETLQADSGLLLDALLARGVLTGPEYEALDALPDAERRVRRLLLLVQGKGEAACQELLRCAQRTAGAPDPAWDWQHATGTAAMTLHAQATGRRRHPARGPHAPGCPELQTLTRPGALRAPRRCNPGPRRSQSQSWKLRPLKRLNRSRSQSQSWNPRLKQNQSRNWSQNRTQSPSPTSRKGTSPKIPEGQSSDRRCPAHAG"
"OPA1","O60313 ","MWRLRRAAVACEVCQSLVKHSSGIKGSLPLQKLHLVSRSIYHSHHPTLKLQRPQLRTSFQQFSSLTNLPLRKLKFSPIKYGYQPRRNFWPARLATRLLKLRYLILGSAVGGGYTAKKTFDQWKDMIPDLSEYKWIVPDIVWEIDEYIDFEKIRKALPSSEDLVKLAPDFDKIVESLSLLKDFFTSGSPEETAFRATDRGSESDKHFRKVSDKEKIDQLQEELLHTQLKYQRILERLEKENKELRKLVLQKDDKGIHHRKLKKSLIDMYSEVLDVLSDYDASYNTQDHLPRVVVVGDQSAGKTSVLEMIAQARIFPRGSGEMMTRSPVKVTLSEGPHHVALFKDSSREFDLTKEEDLAALRHEIELRMRKNVKEGCTVSPETISLNVKGPGLQRMVLVDLPGVINTVTSGMAPDTKETIFSISKAYMQNPNAIILCIQDGSVDAERSIVTDLVSQMDPHGRRTIFVLTKVDLAEKNVASPSRIQQIIEGKLFPMKALGYFAVVTGKGNSSESIEAIREYEEEFFQNSKLLKTSMLKAHQVTTRNLSLAVSDCFWKMVRESVEQQADSFKATRFNLETEWKNNYPRLRELDRNELFEKAKNEILDEVISLSQVTPKHWEEILQQSLWERVSTHVIENIYLPAAQTMNSGTFNTTVDIKLKQWTDKQLPNKAVEVAWETLQEEFSRFMTEPKGKEHDDIFDKLKEAVKEESIKRHKWNDFAEDSLRVIQHNALEDRSISDKQQWDAAIYFMEEALQARLKDTENAIENMVGPDWKKRWLYWKNRTQEQCVHNETKNELEKMLKCNEEHPAYLASDEITTVRKNLESRGVEVDPSLIKDTWHQVYRRHFLKTALNHCNLCRRGFYYYQRHFVDSELECNDVVLFWRIQRMLAITANTLRQQLTNTEVRRLEKNVKEVLEDFAEDGEKKIKLLTGKRVQLAEDLKKVREIQEKLDAFIEALHQEK"
"PMAIP1","Q13794","MPGKKARKNAQPSPARAPAELEVECATQLRRFGDKLNFRQKLLNLISKLFCSGT"
"PYCARD","Q9ULZ3","MGRARDAILDALENLTAEELKKFKLKLLSVPLREGYGRIPRGALLSMDALDLTDKLVSFYLETYGAELTANVLRDMGLQEMAGQLQAATHQGSGAAPAGIQAPPQSAAKPGLHFIDQHRAALIARVTNVEWLLDALYGKVLTDEQYQAVRAEPTNPSKMRKLFSFTPAWNWTCKDLLLQALRESQSYLVEDLERS"
"RIPK1","Q13546","MQPDMSLNVIKMKSSDFLESAELDSGGFGKVSLCFHRTQGLMIMKTVYKGPNCIEHNEALLEEAKMMNRLRHSRVVKLLGVIIEEGKYSLVMEYMEKGNLMHVLKAEMSTPLSVKGRIILEIIEGMCYLHGKGVIHKDLKPENILVDNDFHIKIADLGLASFKMWSKLNNEEHNELREVDGTAKKNGGTLYYMAPEHLNDVNAKPTEKSDVYSFAVVLWAIFANKEPYENAICEQQLIMCIKSGNRPDVDDITEYCPREIISLMKLCWEANPEARPTFPGIEEKFRPFYLSQLEESVEEDVKSLKKEYSNENAVVKRMQSLQLDCVAVPSSRSNSATEQPGSLHSSQGLGMGPVEESWFAPSLEHPQEENEPSLQSKLQDEANYHLYGSRMDRQTKQQPRQNVAYNREEERRRRVSHDPFAQQRPYENFQNTEGKGTAYSSAASHGNAVHQPSGLTSQPQVLYQNNGLYSSHGFGTRPLDPGTAGPRVWYRPIPSHMPSLHNIPVPETNYLGNTPTMPFSSLPPTDESIKYTIYNSTGIQIGAYNYMEIGGTSSSLLDSTNTNFKEEPAAKYQAIFDNTTSLTDKHLDPIRENLGKHWKNCARKLGFTQSQIDEIDHDYERDGLKEKVYQMLQKWVMREGIKGATVGKLAQALHQCSRIDLLSSLIYVSQN"
"RIPK3","Q9Y572","MSCVKLWPSGAPAPLVSIEELENQELVGKGGFGTVFRAQHRKWGYDVAVKIVNSKAISREVKAMASLDNEFVLRLEGVIEKVNWDQDPKPALVTKFMENGSLSGLLQSQCPRPWPLLCRLLKEVVLGMFYLHDQNPVLLHRDLKPSNVLLDPELHVKLADFGLSTFQGGSQSGTGSGEPGGTLGYLAPELFVNVNRKASTASDVYSFGILMWAVLAGREVELPTEPSLVYEAVCNRQNRPSLAELPQAGPETPGLEGLKELMQLCWSSEPKDRPSFQECLPKTDEVFQMVENNMNAAVSTVKDFLSQLRSSNRRFSIPESGQGGTEMDGFRRTIENQHSRNDVMVSEWLNKLNLEEPPSSVPKKCPSLTKRSRAQEEQVPQAWTAGTSSDSMAQPPQTPETSTFRNQMPSPTSTGTPSPGPRGNQGAERQGMNWSCRTPEPNPVTGRPLVNIYNCSGVQVGDNNYLTMQQTTALPTWGLAPSGKGRGLQHPPPVGSQEGPKDPEAWSRPQGWYNHSGK"
"SH3GLB1","Q9Y371","MNIMDFNVKKLAADAGTFLSRAVQFTEEKLGQAEKTELDAHLENLLSKAECTKIWTEKIMKQTEVLLQPNPNARIEEFVYEKLDRKAPSRINNPELLGQYMIDAGTEFGPGTAYGNALIKCGETQKRIGTADRELIQTSALNFLTPLRNFIEGDYKTIAKERKLLQNKRLDLDAAKTRLKKAKAAETRNSSEQELRITQSEFDRQAEITRLLLEGISSTHAHHLRCLNDFVEAQMTYYAQCYQYMLDLQKQLGSFPSNYLSNNNQTSVTPVPSVLPNAIGSSAMASTSGLVITSPSNLSDLKECSGSRKARVLYDYDAANSTELSLLADEVITVFSVVGMDSDWLMGERGNQKGKVPITYLELLN"
"TNF","P01375","MSTESMIRDVELAEEALPKKTGGPQGSRRCLFLSLFSFLIVAGATTLFCLLHFGVIGPQREEFPRDLSLISPLAQAVRSSSRTPSDKPVAHVVANPQAEGQLQWLNRRANALLANGVELRDNQLVVPSEGLYLIYSQVLFKGQGCPSTHVLLTHTISRIAVSYQTKVNLLSAIKSPCQRETPEGAEAKPWYEPIYLGGVFQLEKGDRLSAEINRPDYLDFAESGQVYFGIIAL"
"TNFRSF10A","O00220","MAPPPARVHLGAFLAVTPNPGSAASGTEAAAATPSKVWGSSAGRIEPRGGGRGALPTSMGQHGPSARARAGRAPGPRPAREASPRLRVHKTFKFVVVGVLLQVVPSSAATIKLHDQSIGTQQWEHSPLGELCPPGSHRSEHPGACNRCTEGVGYTNASNNLFACLPCTACKSDEEERSPCTTTRNTACQCKPGTFRNDNSAEMCRKCSRGCPRGMVKVKDCTPWSDIECVHKESGNGHNIWVILVVTLVVPLLLVAVLIVCCCIGSGCGGDPKCMDRVCFWRLGLLRGPGAEDNAHNEILSNADSLSTFVSEQQMESQEPADLTGVTVQSPGEAQCLLGPAEAEGSQRRRLLVPANGADPTETLMLFFDKFANIVPFDSWDQLMRQLDLTKNEIDVVRAGTAGPGDALYAMLMKWVNKTGRNASIHTLLDALERMEERHAREKIQDLLVDSGKFIYLEDGTGSAVSLE"
"TNFRSF10B","O14763","MEQRGQNAPAASGARKRHGPGPREARGARPGPRVPKTLVLVVAAVLLLVSAESALITQQDLAPQQRAAPQQKRSSPSEGLCPPGHHISEDGRDCISCKYGQDYSTHWNDLLFCLRCTRCDSGEVELSPCTTTRNTVCQCEEGTFREEDSPEMCRKCRTGCPRGMVKVGDCTPWSDIECVHKESGTKHSGEVPAVEETVTSSPGTPASPCSLSGIIIGVTVAAVVLIVAVFVCKSLLWKKVLPYLKGICSGGGGDPERVDRSSQRPGAEDNVLNEIVSILQPTQVPEQEMEVQEPAEPTGVNMLSPGESEHLLEPAEAERSQRRRLLVPANEGDPTETLRQCFDDFADLVPFDSWEPLMRKLGLMDNEIKVAKAEAAGHRDTLYTMLIKWVNKTGRDASVHTLLDALETLGERLAKQKIEDHLLSSGKFMYLEGNADSAMS"
"TNFRSF10C","O14798","MARIPKTLKFVVVIVAVLLPVLAYSATTARQEEVPQQTVAPQQQRHSFKGEECPAGSHRSEHTGACNPCTEGVDYTNASNNEPSCFPCTVCKSDQKHKSSCTMTRDTVCQCKEGTFRNENSPEMCRKCSRCPSGEVQVSNCTSWDDIQCVEEFGANATVETPAAEETMNTSPGTPAPAAEETMNTSPGTPAPAAEETMTTSPGTPAPAAEETMTTSPGTPAPAAEETMITSPGTPASSHYLSCTIVGIIVLIVLLIVFV"
"TNFRSF10D","Q9UBN6","MGLWGQSVPTASSARAGRYPGARTASGTRPWLLDPKILKFVVFIVAVLLPVRVDSATIPRQDEVPQQTVAPQQQRRSLKEEECPAGSHRSEYTGACNPCTEGVDYTIASNNLPSCLLCTVCKSGQTNKSSCTTTRDTVCQCEKGSFQDKNSPEMCRTCRTGCPRGMVKVSNCTPRSDIKCKNESAASSTGKTPAAEETVTTILGMLASPYHYLIIIVVLVIILAVVVVGFSCRKKFISYLKGICSGGGGGPERVHRVLFRRRSCPSRVPGAEDNARNETLSNRYLQPTQVSEQEIQGQELAELTGVTVESPEEPQRLLEQAEAEGCQRRRLLVPVNDADSADISTLLDASATLEEGHAKETIQDQLVGSEKLFYEEDEAGSATSCL"
"TNFRSF1A","P19438","MGLSTVPDLLLPLVLLELLVGIYPSGVIGLVPHLGDREKRDSVCPQGKYIHPQNNSICCTKCHKGTYLYNDCPGPGQDTDCRECESGSFTASENHLRHCLSCSKCRKEMGQVEISSCTVDRDTVCGCRKNQYRHYWSENLFQCFNCSLCLNGTVHLSCQEKQNTVCTCHAGFFLRENECVSCSNCKKSLECTKLCLPQIENVKGTEDSGTTVLLPLVIFFGLCLLSLLFIGLMYRYQRWKSKLYSIVCGKSTPEKEGELEGTTTKPLAPNPSFSPTPGFTPTLGFSPVPSSTFTSSSTYTPGDCPNFAAPRREVAPPYQGADPILATALASDPIPNPLQKWEDSAHKPQSLDTDDPATLYAVVENVPPLRWKEFVRRLGLSDHEIDRLELQNGRCLREAQYSMLATWRRRTPRREATLELLGRVLRDMDLLGCLEDIEEALCGPAALPPAPSLLR"
"TNFRSF1B","P20333","MAPVAVWAALAVGLELWAAAHALPAQVAFTPYAPEPGSTCRLREYYDQTAQMCCSKCSPGQHAKVFCTKTSDTVCDSCEDSTYTQLWNWVPECLSCGSRCSSDQVETQACTREQNRICTCRPGWYCALSKQEGCRLCAPLRKCRPGFGVARPGTETSDVVCKPCAPGTFSNTTSSTDICRPHQICNVVAIPGNASMDAVCTSTSPTRSMAPGAVHLPQPVSTRSQHTQPTPEPSTAPSTSFLLPMGPSPPAEGSTGDFALPVGLIVGVTALGLLIIGVVNCVIMTQVKKKPLCLQREAKVPHLPADKARGTQGPEQQHLLITAPSSSSSSLESSASALDRRAPTRNQPQAPGVEASGAGEARASTGSSDSSPGGHGTQVNVTCIVNVCSSSDHSSQCSSQASSTMGDTDSSPSESPKDEQVPFSKEECAFRSQLETPETLLGSTEEKPLPLGVPDAGMKPS"
"TNFSF10","P50591","MAMMEVQGGPSLGQTCVLIVIFTVLLQSLCVAVTYVYFTNELKQMQDKYSKSGIACFLKEDDSYWDPNDEESMNSPCWQVKWQLRQLVRKMILRTSEETISTVQEKQQNISPLVRERGPQRVAAHITGTRGRSNTLSSPNSKNEKALGRKINSWESSRSGHSFLSNLHLRNGELVIHEKGFYYIYSQTYFRFQEEIKENTKNDKQMVQYIYKYTSYPDPILLMKSARNSCWSKDAEYGLYSIYQGGIFELKENDRIFVSVTNEHLIDMDHEASFFGAFLVG"
"TP53","P04637","MEEPQSDPSVEPPLSQETFSDLWKLLPENNVLSPLPSQAMDDLMLSPDDIEQWFTEDPGPDEAPRMPEAAPPVAPAPAAPTPAAPAPAPSWPLSSSVPSQKTYQGSYGFRLGFLHSGTAKSVTCTYSPALNKMFCQLAKTCPVQLWVDSTPPPGTRVRAMAIYKQSQHMTEVVRRCPHHERCSDSDGLAPPQHLIRVEGNLRVEYLDDRNTFRHSVVVPYEPPEVGSDCTTIHYNYMCNSSCMGGMNRRPILTIITLEDSSGNLLGRNSFEVRVCACPGRDRRTEEENLRKKGEPHHELPPGSTKRALPNNTSSSPQPKKKPLDGEYFTLQIRGRERFEMFRELNEALELKDAQAGKEPGGSRAHSSHLKSKKGQSTSRHKKLMFKTEGPDSD"
"TRADD","Q15628","MAAGQNGHEEWVGSAYLFVESSLDKVVLSDAYAHPQQKVAVYRALQAALAESGGSPDVLQMLKIHRSDPQLIVQLRFCGRQPCGRFLRAYREGALRAALQRSLAAALAQHSVPLQLELRAGAERLDALLADEERCLSCILAQQPDRLRDEELAELEDALRNLKCGSGARGGDGEVASAPLQPPVPSLSEVKPPPPPPPAQTFLFQGQPVVNRPLSLKDQQTFARSVGLKWRKVGRSLQRGCRALRDPALDSLAYEYEREGLYEQAFQLLRRFVQAEGRRATLQRLVEALEENELTSLAEDLLGLTDPNGGLA"
"TRAF1","Q13077","MASSSGSSPRPAPDENEFPFGCPPTVCQDPKEPRALCCAGCLSENPRNGEDQICPKCRGEDLQSISPGSRLRTQEKAHPEVAEAGIGCPFAGVGCSFKGSPQSVQEHEVTSQTSHLNLLLGFMKQWKARLGCGLESGPMALEQNLSDLQLQAAVEVAGDLEVDCYRAPCSESQEELALQHFMKEKLLAELEGKLRVFENIVAVLNKEVEASHLALATSIHQSQLDRERILSLEQRVVELQQTLAQKDQALGKLEQSLRLMEEASFDGTFLWKITNVTRRCHESACGRTVSLFSPAFYTAKYGYKLCLRLYLNGDGTGKRTHLSLFIVIMRGEYDALLPWPFRNKVTFMLLDQNNREHAIDAFRPDLSSASFQRPQSETNVASGCPLFFPLSKLQSPKHAYVKDDTMFLKCIVETST"
"TRAF2","Q12933","MAAASVTPPGSLELLQPGFSKTLLGTKLEAKYLCSACRNVLRRPFQAQCGHRYCSFCLASILSSGPQNCAACVHEGIYEEGISILESSSAFPDNAARREVESLPAVCPSDGCTWKGTLKEYESCHEGRCPLMLTECPACKGLVRLGEKERHLEHECPERSLSCRHCRAPCCGADVKAHHEVCPKFPLTCDGCGKKKIPREKFQDHVKTCGKCRVPCRFHAIGCLETVEGEKQQEHEVQWLREHLAMLLSSVLEAKPLLGDQSHAGSELLQRCESLEKKTATFENIVCVLNREVERVAMTAEACSRQHRLDQDKIEALSSKVQQLERSIGLKDLAMADLEQKVLEMEASTYDGVFIWKISDFARKRQEAVAGRIPAIFSPAFYTSRYGYKMCLRIYLNGDGTGRGTHLSLFFVVMKGPNDALLRWPFNQKVTLMLLDQNNREHVIDAFRPDVTSSSFQRPVNDMNIASGCPLFCPVSKMEAKNSYVRDDAIFIKAIVDLTGL"
"XAF1","Q6GPH4","MEGDFSVCRNCKRHVVSANFTLHEAYCLRFLVLCPECEEPVPKETMEEHCKLEHQQVGCTMCQQSMQKSSLEFHKANECQERPVECKFCKLDMQLSKLELHESYCGSRTELCQGCGQFIMHRMLAQHRDVCRSEQAQLGKGERISAPEREIYCHYCNQMIPENKYFHHMGKCCPDSEFKKHFPVGNPEILPSSLPSQAAENQTSTMEKDVRPKTRSINRFPLHSESSSKKAPRSKNKTLDPLLMSEPKPRTSSPRGDKAAYDILRRCSQCGILLPLPILNQHQEKCRWLASSKGKQVRNFS"
"XIAP","P98170","MTFNSFEGSKTCVPADINKEEEFVEEFNRLKTFANFPSGSPVSASTLARAGFLYTGEGDTVRCFSCHAAVDRWQYGDSAVGRHRKVSPNCRFINGFYLENSATQSTNSGIQNGQYKVENYLGSRDHFALDRPSETHADYLLRTGQVVDISDTIYPRNPAMYSEEARLKSFQNWPDYAHLTPRELASAGLYYTGIGDQVQCFCCGGKLKNWEPCDRAWSEHRRHFPNCFFVLGRNLNIRSESDAVSSDRNFPNSTNLPRNPSMADYEARIFTFGTWIYSVNKEQLARAGFYALGEGDKVKCFHCGGGLTDWKPSEDPWEQHAKWYPGCKYLLEQKGQEYINNIHLTHSLEECLVRTTEKTPSLTRRIDDTIFQNPMVQEAIRMGFSFKDIKKIMEEKIQISGSNYKSLEVLVADLVNAQKDSMQDESSQTSLQKEISTEEQLRRLQEEKLCKICMDRNIAIVFVPCGHLVTCKQCAEAVDKCPMCYTVITFKQKIFMS"
"AIFM1","O95831","MFRCGGLAAGALKQKLVPLVRTVCVRSPRQRNRLPGNLFQRWHVPLELQMTRQMASSGASGGKIDNSVLVLIVGLSTVGAGAYAYKTMKEDEKRYNERISGLGLTPEQKQKKAALSASEGEEVPQDKAPSHVPFLLIGGGTAAFAAARSIRARDPGARVLIVSEDPELPYMRPPLSKELWFSDDPNVTKTLRFKQWNGKERSIYFQPPSFYVSAQDLPHIENGGVAVLTGKKVVQLDVRDNMVKLNDGSQITYEKCLIATGGTPRSLSAIDRAGAEVKSRTTLFRKIGDFRSLEKISREVKSITIIGGGFLGSELACALGRKARALGTEVIQLFPEKGNMGKILPEYLSNWTMEKVRREGVKVMPNAIVQSVGVSSGKLLIKLKDGRKVETDHIVAAVGLEPNVELAKTGGLEIDSDFGGFRVNAELQARSNIWVAGDAACFYDIKLGRRRVEHHDHAVVSGRLAGENMTGAAKPYWHQSMFWSDLGPDVGYEAIGLVDSSLPTVGVFAKATAQDNPKSATEQSGTGIRSESETESEASEITIPPSTPAVPQAPVQGEDYGKGVIFYLRDKVVVGIVLWNIFNRMPIARKIIKDGEQHEDLNEVAKLFNIHED"
"AK2","P54819","MAPSVPAAEPEYPKGIRAVLLGPPGAGKGTQAPRLAENFCVCHLATGDMLRAMVASGSELGKKLKATMDAGKLVSDEMVVELIEKNLETPLCKNGFLLDGFPRTVRQAEMLDDLMEKRKEKLDSVIEFSIPDSLLIRRITGRLIHPKSGRSYHEEFNPPKEPMKDDITGEPLIRRSDDNEKALKIRLQAYHTQTTPLIEYYRKRGIHSAIDASQTPDVVFASILAAFSKATCKDLVMFI"
"ANP32A","P39687","MEMGRRIHLELRNRTPSDVKELVLDNSRSNEGKLEGLTDEFEELEFLSTINVGLTSIANLPKLNKLKKLELSDNRVSGGLEVLAEKCPNLTHLNLSGNKIKDLSTIEPLKKLENLKSLDLFNCEVTNLNDYRENVFKLLPQLTYLDGYDRDDKEAPDSDAEGYVEGLDDEEEDEDEEEYDEDAQVVEDEEDEDEEEEGEEEDVSGEEEEDEEGYNDGEVDDEEDEEELGEEERGQKRKREPEDEGEDDD"
"APAF1","O14727","MDAKARNCLLQHREALEKDIKTSYIMDHMISDGFLTISEEEKVRNEPTQQQRAAMLIKMILKKDNDSYVSFYNALLHEGYKDLAALLHDGIPVVSSSSGKDSVSGITSYVRTVLCEGGVPQRPVVFVTRKKLVNAIQQKLSKLKGEPGWVTIHGMAGCGKSVLAAEAVRDHSLLEGCFPGGVHWVSVGKQDKSGLLMKLQNLCTRLDQDESFSQRLPLNIEEAKDRLRILMLRKHPRSLLILDDVWDSWVLKAFDSQCQILLTTRDKSVTDSVMGPKYVVPVESSLGKEKGLEILSLFVNMKKADLPEQAHSIIKECKGSPLVVSLIGALLRDFPNRWEYYLKQLQNKQFKRIRKSSSYDYEALDEAMSISVEMLREDIKDYYTDLSILQKDVKVPTKVLCILWDMETEEVEDILQEFVNKSLLFCDRNGKSFRYYLHDLQVDFLTEKNCSQLQDLHKKIITQFQRYHQPHTLSPDQEDCMYWYNFLAYHMASAKMHKELCALMFSLDWIKAKTELVGPAHLIHEFVEYRHILDEKDCAVSENFQEFLSLNGHLLGRQPFPNIVQLGLCEPETSEVYQQAKLQAKQEVDNGMLYLEWINKKNITNLSRLVVRPHTDAVYHACFSEDGQRIASCGADKTLQVFKAETGEKLLEIKAHEDEVLCCAFSTDDRFIATCSVDKKVKIWNSMTGELVHTYDEHSEQVNCCHFTNSSHHLLLATGSSDCFLKLWDLNQKECRNTMFGHTNSVNHCRFSPDDKLLASCSADGTLKLWDATSANERKSINVKQFFLNLEDPQEDMEVIVKCCSWSADGARIMVAAKNKIFLFDIHTSGLLGEIHTGHHSTIQYCDFSPQNHLAVVALSQYCVELWNTDSRSKVADCRGHLSWVHGVMFSPDGSSFLTSSDDQTIRLWETKKVCKNSAVMLKQEVDVVFQENEVMVLAVDHIRRLQLINGRTGQIDYLTEAQVSCCCLSPHLQYIAFGDENGAIEILELVNNRIFQSRFQHKKTVWHIQFTADEKTLISSSDDAEIQVWNWQLDKCIFLRGHQETVKDFRLLKNSRLLSWSFDGTVKVWNIITGNKEKDFVCHQGTVLSCDISHDATKFSSTSADKTAKIWSFDLLLPLHELRGHNGCVRCSAFSVDSTLLATGDDNGEIRIWNVSNGELLHLCAPLSEEGAATHGGWVTDLCFSPDGKMLISAGGYIKWWNVVTGESSQTFYTNGTNLKKIHVSPDFKTYVTVDNLGILYILQTLE"
"AVEN","Q9NQS1","MQAERGARGGRGRRPGRGRPGGDRHSERPGAAAAVARGGGGGGGGDGGGRRGRGRGRGFRGARGGRGGGGAPRGSRREPGGWGAGASAPVEDDSDAETYGEENDEQGNYSKRKIVSNWDRYQDIEKEVNNESGESQRGTDFSVLLSSAGDSFSQFRFAEEKEWDSEASCPKQNSAFYVDSELLVRALQELPLCLRLNVAAELVQGTVPLEVPQVKPKRTDDGKGLGMQLKGPLGPGGRGPIFELKSVAAGCPVLLGKDNPSPGPSRDSQKPTSPLQSAGDHLEEELDLLLNLDAPIKEGDNILPDQTSQDLKSKEDGEVVQEEEVCAKPSVTEEKNMEPEQPSTSKNVTEEELEDWLDSMIS"
"BAD","Q92934","MFQIPEFEPSEQEDSSSAERGLGPSPAGDGPSGSGKHHRQAPGLLWDASHQQEQPTSSSHHGGAGAVEIRSRHSSYPAGTEDDEGMGEEPSPFRGRSRSAPPNLWAAQRYGRELRRMSDEFVDSFKKGLPRPKSAGTATQMRQSSSWTRVFQSWWDRNLGRGSSAPSQ"
"BAK1","Q16611","MASGQGPGPPRQECGEPALPSASEEQVAQDTEEVFRSYVFYRHQQEQEAEGVAAPADPEMVTLPLQPSSTMGQVGRQLAIIGDDINRRYDSEFQTMLQHLQPTAENAYEYFTKIATSLFESGINWGRVVALLGFGYRLALHVYQHGLTGFLGQVTRFVVDFMLHHCIARWIAQRGGWVAALNLGNGPILNVLVVLGVVLLGQFVVRRFFKS"
"BAX","Q07812","MDGSGEQPRGGGPTSSEQIMKTGALLLQGFIQDRAGRMGGEAPELALDPVPQDASTKKLSECLKRIGDELDSNMELQRMIAAVDTDSPREVFFRVAADMFSDGNFNWGRVVALFYFASKLVLKALCTKVPELIRTIMGWTLDFLRERLLGWIQDQGGWDGLLSYFGTPTWQTVTIFVAGVLTASLTIWKKMG"
"BBC3","Q9BXH1","MARARQEGSSPEPVEGLARDGPRPFPLGRLVPSAVSCGLCEPGLAAAPAAPTLLPAAYLCAPTAPPAVTAALGGSRWPGGPRSRPRGPRPDGPQPSLSLAEQHLESPVPSAPGALAGGPTQAAPGVRGEEEQWAREIGAQLRRMADDLNAQYERRRQEEQQRHRPSPWRVLYNLIMGLLPLPRGHRAPEMEPN"
"BCL2","P10415","MAHAGRTGYDNREIVMKYIHYKLSQRGYEWDAGDVGAAPPGAAPAPGIFSSQPGHTPHPAASRDPVARTSPLQTPAAPGAAAGPALSPVPPVVHLTLRQAGDDFSRRYRRDFAEMSSQLHLTPFTARGRFATVVEELFRDGVNWGRIVAFFEFGGVMCVESVNREMSPLVDNIALWMTEYLNRHLHTWIQDNGGWDAFVELYGPSMRPLFDFSWLSLKTLLSLALVGACITLGAYLGHK"
"BCL2A1","Q16548","MTDCEFGYIYRLAQDYLQCVLQIPQPGSGPSKTSRVLQNVAFSVQKEVEKNLKSCLDNVNVVSVDTARTLFNQVMEKEFEDGIINWGRIVTIFAFEGILIKKLLRQQIAPDVDTYKEISYFVAEFIMNNTGEWIRQNGGWENGFVKKFEPKSGWMTFLEVTGKICEMLSLLKQYC"
"BCL2L1","Q07817","MSQSNRELVVDFLSYKLSQKGYSWSQFSDVEENRTEAPEGTESEMETPSAINGNPSWHLADSPAVNGATGHSSSLDAREVIPMAAVKQALREAGDEFELRYRRAFSDLTSQLHITPGTAYQSFEQVVNELFRDGVNWGRIVAFFSFGGALCVESVDKEMQVLVSRIAAWMATYLNDHLEPWIQENGGWDTFVELYGNNAAAESRKGQERFNRWFLTGMTVAGVVLLGSLFSRK"
"BCL2L10","Q9HD36","MADPLRERTELLLADYLGYCAREPGTPEPAPSTPEAAVLRSAAARLRQIHRSFFSAYLGYPGNRFELVALMADSVLSDSPGPTWGRVVTLVTFAGTLLERGPLVTARWKKWGFQPRLKEQEGDVARDCQRLVALLSSRLMGQHRAWLQAQGGWDGFCHFFRTPFPLAFWRKQLVQAFLSCLLTTAFIYLWTRLL"
"BCL2L11","O43521","MAKQPSDVSSECDREGRQLQPAERPPQLRPGAPTSLQTEPQGNPEGNHGGEGDSCPHGSPQGPLAPPASPGPFATRSPLFIFMRRSSLLSRSSSGYFSFDTDRSPAPMSCDKSTQTPSPPCQAFNHYLSAMASMRQAEPADMRPEIWIAQELRRIGDEFNAYYARRVFLNNYQAAEDHPRMVILRLLRYIVRLVWRMH"
"BCL2L12","Q9HB09","MGRPAGLFPPLCPFLGFRPEACWERHMQIERAPSVPPFLRWAGYRPGPVRRRGKVELIKFVRVQWRRPQVEWRRRRWGPGPGASMAGSEELGLREDTLRVLAAFLRRGEAAGSPVPTPPRSPAQEEPTDFLSRLRRCLPCSLGRGAAPSESPRPCSLPIRPCYGLEPGPATPDFYALVAQRLEQLVQEQLKSPPSPELQGPPSTEKEAILRRLVALLEEEAEVINQKLASDPALRSKLVRLSSDSFARLVELFCSRDDSSRPSRACPGPPPPSPEPLARLALAMELSRRVAGLGGTLAGLSVEHVHSFTPWIQAHGGWEGILAVSPVDLNLPLD"
"BCL2L13","Q9BXK5","MASSSTVPLGFHYETKYVVLSYLGLLSQEKLQEQHLSSPQGVQLDIASQSLDQEILLKVKTEIEEELKSLDKEISEAFTSTGFDRHTSPVFSPANPESSMEDCLAHLGEKVSQELKEPLHKALQMLLSQPVTYQAFRECTLETTVHASGWNKILVPLVLLRQMLLELTRRGQEPLSALLQFGVTYLEDYSAEYIIQQGGWGTVFSLESEEEEYPGITAEDSNDIYILPSDNSGQVSPPESPTVTTSWQSESLPVSLSASQSWHTESLPVSLGPESWQQIAMDPEEVKSLDSNGAGEKSENNSSNSDIVHVEKEEVPEGMEEAAVASVVLPARELQEALPEAPAPLLPHITATSLLGTREPDTEVITVEKSSPATSLFVELDEEEVKAATTEPTEVEEVVPALEPTETLLSEKEINAREESLVEELSPASEKKPVPPSEGKSRLSPAGEMKPMPLSEGKSILLFGGAAAVAILAVAIGVALALRKK"
"BCL2L14","Q9BZR8","MCSTSGCDLEEIPLDDDDLNTIEFKILAYYTRHHVFKSTPALFSPKLLRTRSLSQRGLGNCSANESWTEVSWPCRNSQSSEKAINLGKKKSSWKAFFGVVEKEDSQSTPAKVSAQGQRTLEYQDSHSQQWSRCLSNVEQCLEHEAVDPKVISIANRVAEIVYSWPPPQATQAGGFKSKEIFVTEGLSFQLQGHVPVASSSKKDEEEQILAKIVELLKYSGDQLERKLKKDKALMGHFQDGLSYSVFKTITDQVLMGVDPRGESEVKAQGFKAALVIDVTAKLTAIDNHPMNRVLGFGTKYLKENFSPWIQQHGGWEKILGISHEEVD"
"BCL2L2","Q92843","MATPASAPDTRALVADFVGYKLRQKGYVCGAGPGEGPAADPLHQAMRAAGDEFETRFRRTFSDLAAQLHVTPGSAQQRFTQVSDELFQGGPNWGRLVAFFVFGAALCAESVNKEMEPLVGQVQEWMVAYLETQLADWIHSSGGWAEFTALYGDGALEEARRLREGNWASVRTVLTGAVALGALVTVGAFFASK"
"BECN1","Q14457","MEGSKTSNNSTMQVSFVCQRCSQPLKLDTSFKILDRVTIQELTAPLLTTAQAKPGETQEEETNSGEEPFIETPRQDGVSRRFIPPARMMSTESANSFTLIGEASDGGTMENLSRRLKVTGDLFDIMSGQTDVDHPLCEECTDTLLDQLDTQLNVTENECQNYKRCLEILEQMNEDDSEQLQMELKELALEEERLIQELEDVEKNRKIVAENLEKVQAEAERLDQEEAQYQREYSEFKRQQLELDDELKSVENQMRYAQTQLDKLKKTNVFNATFHIWHSGQFGTINNFRLGRLPSVPVEWNEINAAWGQTVLLLHALANKMGLKFQRYRLVPYGNHSYLESLTDKSKELPLYCSGGLRFFWDNKFDHAMVAFLDCVQQFKEEVEKGETRFCLPYRMDVEKGKIEDTGGSGGSYSIKTQFNSEEQWTKALKFMLTNLKWGLAWVSSQFYNK"
"BID","P55957","MDCEVNNGSSLRDECITNLLVFGFLQSCSDNSFRRELDALGHELPVLAPQWEGYDELQTDGNRSSHSRLGRIEADSESQEDIIRNIARHLAQVGDSMDRSIPPGLVNGLALQLRNTSRSEEDRNRDLATALEQLLQAYPRDMEKEKTMLVLALLLAKKVASHTPSLLRDVFHTTVNFINQNLRTYVRSLARNGMD"
"BIK","Q13323","MSEVRPLSRDILMETLLYEQLLEPPTMEVLGMTDSEEDLDPMEDFDSLECMEGSDALALRLACIGDEMDVSLRAPRLAQLSEVAMHSLGLAFIYDQTEDIRDVLRSFMDGFTTLKENIMRFWRSPNPGSWVSCEQVLLALLLLLALLLPLLSGGLHLLLK"
"BIRC1","Q13075","MATQQKASDERISQFDHNLLPELSALLGLDAVQLAKELEEEEQKERAKMQKGYNSQMRSEAKRLKTFVTYEPYSSWIPQEMAAAGFYFTGVKSGIQCFCCSLILFGAGLTRLPIEDHKRFHPDCGFLLNKDVGNIAKYDIRVKNLKSRLRGGKMRYQEEEARLASFRNWPFYVQGISPCVLSEAGFVFTGKQDTVQCFSCGGCLGNWEEGDDPWKEHAKWFPKCEFLRSKKSSEEITQYIQSYKGFVDITGEHFVNSWVQRELPMASAYCNDSIFAYEELRLDSFKDWPRESAVGVAALAKAGLFYTGIKDIVQCFSCGGCLEKWQEGDDPLDDHTRCFPNCPFLQNMKSSAEVTPDLQSRGELCELLETTSESNLEDSIAVGPIVPEMAQGEAQWFQEAKNLNEQLRAAYTSASFRHMSLLDISSDLATDHLLGCDLSIASKHISKPVQEPLVLPEVFGNLNSVMCVEGEAGSGKTVLLKKIAFLWASGCCPLLNRFQLVFYLSLSSTRPDEGLASIICDQLLEKEGSVTEMCVRNIIQQLKNQVLFLLDDYKEICSIPQVIGKLIQKNHLSRTCLLIAVRTNRARDIRRYLETILEIKAFPFYNTVCILRKLFSHNMTRLRKFMVYFGKNQSLQKIQKTPLFVAAICAHWFQYPFDPSFDDVAVFKSYMERLSLRNKATAEILKATVSSCGELALKGFFSCCFEFNDDDLAEAGVDEDEDLTMCLMSKFTAQRLRPFYRFLSPAFQEFLAGMRLIELLDSDRQEHQDLGLYHLKQINSPMMTVSAYNNFLNYVSSLPSTKAGPKIVSHLLHLVDNKESLENISENDDYLKHQPEISLQMQLLRGLWQICPQAYFSMVSEHLLVLALKTAYQSNTVAACSPFVLQFLQGRTLTLGALNLQYFFDHPESLSLLRSIHFPIRGNKTSPRAHFSVLETCFDKSQVPTIDQDYASAFEPMNEWERNLAEKEDNVKSYMDMQRRASPDLSTGYWKLSPKQYKIPCLEVDVNDIDVVGQDMLEILMTVFSASQRIELHLNHSRGFIESIRPALELSKASVTKCSISKLELSAAEQELLLTLPSLESLEVSGTIQSQDQIFPNLDKFLCLKELSVDLEGNINVFSVIPEEFPNFHHMEKLLIQISAEYDPSKLVKLIQNSPNLHVFHLKCNFFSDFGSLMTMLVSCKKLTEIKFSDSFFQAVPFVASLPNFISLKILNLEGQQFPDEETSEKFAYILGSLSNLEELILPTGDGIYRVAKLIIQQCQQLHCLRVLSFFKTLNDDSVVEIAKVAISGGFQKLENLKLSINHKITEEGYRNFFQALDNMPNLQELDISRHFTECIKAQATTVKSLSQCVLRLPRLIRLNMLSWLLDADDIALLNVMKERHPQSKYLTILQKWILPFSPIIQK"
"BIRC2","Q13490","MHKTASQRLFPGPSYQNIKSIMEDSTILSDWTNSNKQKMKYDFSCELYRMSTYSTFPAGVPVSERSLARAGFYYTGVNDKVKCFCCGLMLDNWKLGDSPIQKHKQLYPSCSFIQNLVSASLGSTSKNTSPMRNSFAHSLSPTLEHSSLFSGSYSSLSPNPLNSRAVEDISSSRTNPYSYAMSTEEARFLTYHMWPLTFLSPSELARAGFYYIGPGDRVACFACGGKLSNWEPKDDAMSEHRRHFPNCPFLENSLETLRFSISNLSMQTHAARMRTFMYWPSSVPVQPEQLASAGFYYVGRNDDVKCFCCDGGLRCWESGDDPWVEHAKWFPRCEFLIRMKGQEFVDEIQGRYPHLLEQLLSTSDTTGEENADPPIIHFGPGESSSEDAVMMNTPVVKSALEMGFNRDLVKQTVQSKILTTGENYKTVNDIVSALLNAEDEKREEEKEKQAEEMASDDLSLIRKNRMALFQQLTCVLPILDNLLKANVINKQEHDIIKQKTQIPLQARELIDTILVKGNAAANIFKNCLKEIDSTLYKNLFVDKNMKYIPTEDVSGLSLEEQLRRLQEERTCKVCMDKEVSVVFIPCGHLVVCQECAPSLRKCPICRGIIKGTVRTFLS"
"BIRC3","Q13489","MNIVENSIFLSNLMKSANTFELKYDLSCELYRMSTYSTFPAGVPVSERSLARAGFYYTGVNDKVKCFCCGLMLDNWKRGDSPTEKHKKLYPSCRFVQSLNSVNNLEATSQPTFPSSVTNSTHSLLPGTENSGYFRGSYSNSPSNPVNSRANQDFSALMRSSYHCAMNNENARLLTFQTWPLTFLSPTDLAKAGFYYIGPGDRVACFACGGKLSNWEPKDNAMSEHLRHFPKCPFIENQLQDTSRYTVSNLSMQTHAARFKTFFNWPSSVLVNPEQLASAGFYYVGNSDDVKCFCCDGGLRCWESGDDPWVQHAKWFPRCEYLIRIKGQEFIRQVQASYPHLLEQLLSTSDSPGDENAESSIIHFEPGEDHSEDAIMMNTPVINAAVEMGFSRSLVKQTVQRKILATGENYRLVNDLVLDLLNAEDEIREEERERATEEKESNDLLLIRKNRMALFQHLTCVIPILDSLLTAGIINEQEHDVIKQKTQTSLQARELIDTILVKGNIAATVFRNSLQEAEAVLYEHLFVQQDIKYIPTEDVSDLPVEEQLRRLQEERTCKVCMDKEVSIVFIPCGHLVVCKDCAPSLRKCPICRSTIKGTVRTFLS"
"BMF","Q96LC9","MEPSQCVEELEDDVFQPEDGEPVTQPGSLLSADLFAQSLLDCPLSRLQLFPLTHCCGPGLRPTSQEDKATQTLSPASPSQGVMLPCGVTEEPQRLFYGNAGYRLPLPASFPAVLPIGEQPPEGQWQHQAEVQIARKLQCIADQFHRLHVQQHQQNQNRVWWQILLFLHNLALNGEENRNGAGPR"
"BNIP3","Q12983","MSQNGAPGMQEESLQGSWVELHFSNNGNGGSVPASVSIYNGDMEKILLDAQHESGRSSSKSSHCDSPPRSQTPQDTNRASETDTHSIGEKNSSQSEEDDIERRKEVESILKKNSDWIWDWSSRPENIPPKEFLFKHPKRTATLSMRNTSVMKKGGIFSAEFLKVFLPSLLLSHLLAIGLGIYIGRRLTTSTSTF"
"BNIP3L","O60238","MSSHLVEPPPPLHNNNNNCEENEQSLPPPAGLNSSWVELPMNSSNGNDNGNGKNGGLEHVPSSSSIHNGDMEKILLDAQHESGQSSSRGSSHCDSPSPQEDGQIMFDVEMHTSRDHSSQSEEEVVEGEKEVEALKKSADWVSDWSSRPENIPPKEFHFRHPKRSVSLSMRKSGAMKKGGIFSAEFLKVFIPSLFLSHVLALGLGIYIGKRLSTPSASTY"
"BOK","Q9UMX3","MEVLRRSSVFAAEIMDAFDRSPTDKELVAQAKALGREYVHARLLRAGLSWSAPERAAPVPGRLAEVCAVLLRLGDELEMIRPSVYRNVARQLHISLQSEPVVTDAFLAVAGHIFSAGITWGKVVSLYAVAAGLAVDCVRQAQPAMVHALVDCLGEFVRKTLATWLRRRGGWTDVLKCVVSTDPGLRSHWLVAALCSFGRFLKAAFFVLLPER"
"CASP1","P29466","MADKVLKEKRKLFIRSMGEGTINGLLDELLQTRVLNKEEMEKVKRENATVMDKTRALIDSVIPKGAQACQICITYICEEDSYLAGTLGLSADQTSGNYLNMQDSQGVLSSFPAPQAVQDNPAMPTSSGSEGNVKLCSLEEAQRIWKQKSAEIYPIMDKSSRTRLALIICNEEFDSIPRRTGAEVDITGMTMLLQNLGYSVDVKKNLTASDMTTELEAFAHRPEHKTSDSTFLVFMSHGIREGICGKKHSEQVPDILQLNAIFNMLNTKNCPSLKDKPKVIIIQACRGDSPGVVWFKDSVGVSGNLSLPTTEEFEDDAIKKAHIEKDFIAFCSSTPDNVSWRHPTMGSVFIGRLIEHMQEYACSCDVEEIFRKVRFSFEQPDGRAQMPTTERVTLTRCFYLFPGH"
"CASP10","Q92851","MKSQGQHWYSSSDKNCKVSFREKLLIIDSNLGVQDVENLKFLCIGLVPNKKLEKSSSASDVFEHLLAEDLLSEEDPFFLAELLYIIRQKKLLQHLNCTKEEVERLLPTRQRVSLFRNLLYELSEGIDSENLKDMIFLLKDSLPKTEMTSLSFLAFLEKQGKIDEDNLTCLEDLCKTVVPKLLRNIEKYKREKAIQIVTPPVDKEAESYQGEEELVSQTDVKTFLEALPQESWQNKHAGSNGNRATNGAPSLVSRGMQGASANTLNSETSTKRAAVYRMNRNHRGLCVIVNNHSFTSLKDRQGTHKDAEILSHVFQWLGFTVHIHNNVTKVEMEMVLQKQKCNPAHADGDCFVFCILTHGRFGAVYSSDEALIPIREIMSHFTALQCPRLAEKPKLFFIQACQGEEIQPSVSIEADALNPEQAPTSLQDSIPAEADFLLGLATVPGYVSFRHVEEGSWYIQSLCNHLKKLVPRMLKFLEKTMEIRGRKRTVWGAKQISATSLPTAISAQTPRPPMRRWSSVS"
"CASP12","Q6UXS9","MADEKPSNGVLVHMVKLLIKTFLDGIFDDLMENNVLNTDEIHLIGKCLKFVVSNAENLVDDITETAQTAGKIFREHLWNSKKQLSSDISSDGEREANMPGLNIRNKEFNYLHNRNGSELDLLGMRDLLENLGYSVVIKENLTAQEMETALRQFAAHPEHQSSDSTFLVFMSHSILNGICGTKHWDQEPDVLHDDTIFEIFNNRNCQSLKDKPKVIIMQACRGNGAGIVWFTTDSGKAGADTHGRLLQGNICNDAVTKAHVEKDFIAFKSSTPHNVSWRHETNGSVFISQIIYYFREYSWSHHLEEIFQKVQHSFETPNILTQLPTIERLSMTRYFYLFPGN"
"CASP14","P31944","MSNPRSLEEEKYDMSGARLALILCVTKAREGSEEDLDALEHMFRQLRFESTMKRDPTAEQFQEELEKFQQAIDSREDPVSCAFVVLMAHGREGFLKGEDGEMVKLENLFEALNNKNCQALRAKPKVYIIQACRGEQRDPGETVGGDEIVMVIKDSPQTIPTYTDALHVYSTVEGYIAYRHDQKGSCFIQTLVDVFTKRKGHILELLTEVTRRMAEAELVQEGKARKTNPEIQSTLRKRLYLQ"
"CASP2","P42575","MAAPSAGSWSTFQHKELMAADRGRRILGVCGMHPHHQETLKKNRVVLAKQLLLSELLEHLLEKDIITLEMRELIQAKVGSFSQNVELLNLLPKRGPQAFDAFCEALRETKQGHLEDMLLTTLSGLQHVLPPLSCDYDLSLPFPVCESCPLYKKLRLSTDTVEHSLDNKDGPVCLQVKPCTPEFYQTHFQLAYRLQSRPRGLALVLSNVHFTGEKELEFRSGGDVDHSTLVTLFKLLGYDVHVLCDQTAQEMQEKLQNFAQLPAHRVTDSCIVALLSHGVEGAIYGVDGKLLQLQEVFQLFDNANCPSLQNKPKMFFIQACRGDETDRGVDQQDGKNHAGSPGCEESDAGKEKLPKMRLPTRSDMICGYACLKGTAAMRNTKRGSWYIEALAQVFSERACDMHVADMLVKVNALIKDREGYAPGTEFHRCKEMSEYCSTLCRHLYLFPGHPPT"
"CASP3","P42574","MENTENSVDSKSIKNLEPKIIHGSESMDSGISLDNSYKMDYPEMGLCIIINNKNFHKSTGMTSRSGTDVDAANLRETFRNLKYEVRNKNDLTREEIVELMRDVSKEDHSKRSSFVCVLLSHGEEGIIFGTNGPVDLKKITNFFRGDRCRSLTGKPKLFIIQACRGTELDCGIETDSGVDDDMACHKIPVEADFLYAYSTAPGYYSWRNSKDGSWFIQSLCAMLKQYADKLEFMHILTRVNRKVATEFESFSFDATFHAKKQIPCIVSMLTKELYFYH"
"CASP4","P49662","MAEGNHRKKPLKVLESLGKDFLTGVLDNLVEQNVLNWKEEEKKKYYDAKTEDKVRVMADSMQEKQRMAGQMLLQTFFNIDQISPNKKAHPNMEAGPPESGESTDALKLCPHEEFLRLCKERAEEIYPIKERNNRTRLALIICNTEFDHLPPRNGADFDITGMKELLEGLDYSVDVEENLTARDMESALRAFATRPEHKSSDSTFLVLMSHGILEGICGTVHDEKKPDVLLYDTIFQIFNNRNCLSLKDKPKVIIVQACRGANRGELWVRDSPASLEVASSQSSENLEEDAVYKTHVEKDFIAFCSSTPHNVSWRDSTMGSIFITQLITCFQKYSWCCHLEEVFRKVQQSFETPRAKAQMPTIERLSMTRYFYLFPGN"
"CASP5","P51878","MAEDSGKKKRRKNFEAMFKGILQSGLDNFVINHMLKNNVAGQTSIQTLVPNTDQKSTSVKKDNHKKKTVKMLEYLGKDVLHGVFNYLAKHDVLTLKEEEKKKYYDTKIEDKALILVDSLRKNRVAHQMFTQTLLNMDQKITSVKPLLQIEAGPPESAESTNILKLCPREEFLRLCKKNHDEIYPIKKREDRRRLALIICNTKFDHLPARNGAHYDIVGMKRLLQGLGYTVVDEKNLTARDMESVLRAFAARPEHKSSDSTFLVLMSHGILEGICGTAHKKKKPDVLLYDTIFQIFNNRNCLSLKDKPKVIIVQACRGEKHGELWVRDSPASLALISSQSSENLEADSVCKIHEEKDFIAFCSSTPHNVSWRDRTRGSIFITELITCFQKYSCCCHLMEIFRKVQKSFEVPQAKAQMPTIERATLTRDFYLFPGN"
"CASP6","P55212","MSSASGLRRGHPAGGEENMTETDAFYKREMFDPAEKYKMDHRRRGIALIFNHERFFWHLTLPERRGTCADRDNLTRRFSDLGFEVKCFNDLKAEELLLKIHEVSTVSHADADCFVCVFLSHGEGNHIYAYDAKIEIQTLTGLFKGDKCHSLVGKPKIFIIQACRGNQHDVPVIPLDVVDNQTEKLDTNITEVDAASVYTLPAGADFLMCYSVAEGYYSHRETVNGSWYIQDLCEMLGKYGSSLEFTELLTLVNRKVSQRRVDFCKDPSAIGKKQVPCFASMLTKKLHFFPKSN"
"CASP7","P55210","MADDQGCIEEQGVEDSANEDSVDAKPDRSSFVPSLFSKKKKNVTMRSIKTTRDRVPTYQYNMNFEKLGKCIIINNKNFDKVTGMGVRNGTDKDAEALFKCFRSLGFDVIVYNDCSCAKMQDLLKKASEEDHTNAACFACILLSHGEENVIYGKDGVTPIKDLTAHFRGDRCKTLLEKPKLFFIQACRGTELDDGIQADSGPINDTDANPRYKIPVEADFLFAYSTVPGYYSWRSPGRGSWFVQALCSILEEHGKDLEIMQILTRVNDRVARHFESQSDDPHFHEKKQIPCVVSMLTKELYFSQ"
"CASP8","Q14790","MDFSRNLYDIGEQLDSEDLASLKFLSLDYIPQRKQEPIKDALMLFQRLQEKRMLEESNLSFLKELLFRINRLDLLITYLNTRKEEMERELQTPGRAQISAYRVMLYQISEEVSRSELRSFKFLLQEEISKCKLDDDMNLLDIFIEMEKRVILGEGKLDILKRVCAQINKSLLKIINDYEEFSKERSSSLEGSPDEFSNGEELCGVMTISDSPREQDSESQTLDKVYQMKSKPRGYCLIINNHNFAKAREKVPKLHSIRDRNGTHLDAGALTTTFEELHFEIKPHDDCTVEQIYEILKIYQLMDHSNMDCFICCILSHGDKGIIYGTDGQEAPIYELTSQFTGLKCPSLAGKPKVFFIQACQGDNYQKGIPVETDSEEQPYLEMDLSSPQTRYIPDEADFLLGMATVNNCVSYRNPAEGTWYIQSLCQSLRERCPRGDDILTILTEVNYEVSNKDDKKNMGKQMPQPTFTLRKKLVFPSD"
"CASP9","P55211","MDEADRRLLRRCRLRLVEELQVDQLWDALLSRELFRPHMIEDIQRAGSGSRRDQARQLIIDLETRGSQALPLFISCLEDTGQDMLASFLRTNRQAAKLSKPTLENLTPVVLRPEIRKPEVLRPETPRPVDIGSGGFGDVGALESLRGNADLAYILSMEPCGHCLIINNVNFCRESGLRTRTGSNIDCEKLRRRFSSLHFMVEVKGDLTAKKMVLALLELAQQDHGALDCCVVVILSHGCQASHLQFPGAVYGTDGCPVSVEKIVNIFNGTSCPSLGGKPKLFFIQACGGEQKDHGFEVASTSPEDESPGSNPEPDATPFQEGLRTFDQLDAISSLPTPSDIFVSYSTFPGFVSWRDPKSGSWYVETLDDIFEQWAHSEDLQSLLLRVANAVSVKGIYKQMPGCFNFLRKKLFFKTS"
"CFLAR","O15519","MSAEVIHQVEEALDTDEKEMLLFLCRDVAIDVVPPNVRDLLDILRERGKLSVGDLAELLYRVRRFDLLKRILKMDRKAVETHLLRNPHLVSDYRVLMAEIGEDLDKSDVSSLIFLMKDYMGRGKISKEKSFLDLVVELEKLNLVAPDQLDLLEKCLKNIHRIDLKTKIQKYKQSVQGAGTSYRNVLQAAIQKSLKDPSNNFRLHNGRSKEQRLKEQLGAQQEPVKKSIQESEAFLPQSIPEERYKMKSKPLGICLIIDCIGNETELLRDTFTSLGYEVQKFLHLSMHGISQILGQFACMPEHRDYDSFVCVLVSRGGSQSVYGVDQTHSGLPLHHIRRMFMGDSCPYLAGKPKMFFIQNYVVSEGQLEDSSLLEVDGPAMKNVEFKAQKRGLCTVHREADFFWSLCTADMSLLEQSHSSPSLYLQCLSQKLRQERKRPLLDLHIELNGYMYDWNSRVSAKEKYYVWLQHTLRKKLILSYT"
"CRADD","P78560","MEARDKQVLRSLRLELGAEVLVEGLVLQYLYQEGILTENHIQEINAQTTGLRKTMLLLDILPSRGPKAFDTFLDSLQEFPWVREKLKKAREEAMTDLPAGDRLTGIPSHILNSSPSDRQINQLAQRLGPEWEPMVLSLGLSQTDIYRCKANHPHNVQSQVVEAFIRWRQRFGKQATFQSLHNGLRAVEVDPSLLLHMLE"
"CSE1L","P55060","MELSDANLQTLTEYLKKTLDPDPAIRRPAEKFLESVEGNQNYPLLLLTLLEKSQDNVIKVCASVTFKNYIKRNWRIVEDEPNKICEADRVAIKANIVHLMLSSPEQIQKQLSDAISIIGREDFPQKWPDLLTEMVNRFQSGDFHVINGVLRTAHSLFKRYRHEFKSNELWTEIKLVLDAFALPLTNLFKATIELCSTHANDASALRILFSSLILISKLFYSLNFQDLPEFFEDNMETWMNNFHTLLTLDNKLLQTDDEEEAGLLELLKSQICDNAALYAQKYDEEFQRYLPRFVTAIWNLLVTTGQEVKYDLLVSNAIQFLASVCERPHYKNLFEDQNTLTSICEKVIVPNMEFRAADEEAFEDNSEEYIRRDLEGSDIDTRRRAACDLVRGLCKFFEGPVTGIFSGYVNSMLQEYAKNPSVNWKHKDAAIYLVTSLASKAQTQKHGITQANELVNLTEFFVNHILPDLKSANVNEFPVLKADGIKYIMIFRNQVPKEHLLVSIPLLINHLQAESIVVHTYAAHALERLFTMRGPNNATLFTAAEIAPFVEILLTNLFKALTLPGSSENEYIMKAIMRSFSLLQEAIIPYIPTLITQLTQKLLAVSKNPSKPHFNHYMFEAICLSIRITCKANPAAVVNFEEALFLVFTEILQNDVQEFIPYVFQVMSLLLETHKNDIPSSYMALFPHLLQPVLWERTGNIPALVRLLQAFLERGSNTIASAAADKIPGLLGVFQKLIASKANDHQGFYLLNSIIEHMPPESVDQYRKQIFILLFQRLQNSKTTKFIKSFLVFINLYCIKYGALALQEIFDGIQPKMFGMVLEKIIIPEIQKVSGNVEKKICAVGITKLLTECPPMMDTEYTKLWTPLLQSLIGLFELPEDDTIPDEEHFIDIEDTPGYQTAFSQLAFAGKKEHDPVGQMVNNPKIHLAQSLHKLSTACPGRVPSMVSTSLNAEALQYLQGYLQAASVTLL"
"CYCS","P99999","MGDVEKGKKIFIMKCSQCHTVEKGGKHKTGPNLHGLFGRKTGQAPGYSYTAANKNKGIIWGEDTLMEYLENPKKYIPGTKMIFVGIKKKEERADLIAYLKKATNE"
"CYLD","Q9NQC7","MSSGLWSQEKVTSPYWEERIFYLLLQECSVTDKQTQKLLKVPKGSIGQYIQDRSVGHSRIPSAKGKKNQIGLKILEQPHAVLFVDEKDVVEINEKFTELLLAITNCEERFSLFKNRNRLSKGLQIDVGCPVKVQLRSGEEKFPGVVRFRGPLLAERTVSGIFFGVELLEEGRGQGFTDGVYQGKQLFQCDEDCGVFVALDKLELIEDDDTALESDYAGPGDTMQVELPPLEINSRVSLKVGETIESGTVIFCDVLPGKESLGYFVGVDMDNPIGNWDGRFDGVQLCSFACVESTILLHINDIIPALSESVTQERRPPKLAFMSRGVGDKGSSSHNKPKATGSTSDPGNRNRSELFYTLNGSSVDSQPQSKSKNTWYIDEVAEDPAKSLTEISTDFDRSSPPLQPPPVNSLTTENRFHSLPFSLTKMPNTNGSIGHSPLSLSAQSVMEELNTAPVQESPPLAMPPGNSHGLEVGSLAEVKENPPFYGVIRWIGQPPGLNEVLAGLELEDECAGCTDGTFRGTRYFTCALKKALFVKLKSCRPDSRFASLQPVSNQIERCNSLAFGGYLSEVVEENTPPKMEKEGLEIMIGKKKGIQGHYNSCYLDSTLFCLFAFSSVLDTVLLRPKEKNDVEYYSETQELLRTEIVNPLRIYGYVCATKIMKLRKILEKVEAASGFTSEEKDPEEFLNILFHHILRVEPLLKIRSAGQKVQDCYFYQIFMEKNEKVGVPTIQQLLEWSFINSNLKFAEAPSCLIIQMPRFGKDFKLFKKIFPSLELNITDLLEDTPRQCRICGGLAMYECRECYDDPDISAGKIKQFCKTCNTQVHLHPKRLNHKYNPVSLPKDLPDWDWRHGCIPCQNMELFAVLCIETSHYVAFVKYGKDDSAWLFFDSMADRDGGQNGFNIPQVTPCPEVGEYLKMSLEDLHSLDSRRIQGCARRLLCDAYMCMYQSPTMSLYK"
"DIABLO","Q9NR28","MAALKSWLSRSVTSFFRYRQCLCVPVVANFKKRCFSELIRPWHKTVTIGFGVTLCAVPIAQKSEPHSLSSEALMRRAVSLVTDSTSTFLSQTTYALIEAITEYTKAVYTLTSLYRQYTSLLGKMNSEEEDEVWQVIIGARAEMTSKHQEYLKLETTWMTAVGLSEMAAEAAYQTGADQASITARNHIQLVKLQVEEVHQLSRKAETKLAEAQIEELRQKTQEEGEERAESEQEAYLRED"
"ENDOG","Q14249","MRALRAGLTLASGAGLGAVVEGWRRRREDARAAPGLLGRLPVLPVAAAAELPPVPGGPRGPGELAKYGLPGLAQLKSRESYVLCYDPRTRGALWVVEQLRPERLRGDGDRRECDFREDDSVHAYHRATNADYRGSGFDRGHLAAAANHRWSQKAMDDTFYLSNVAPQVPHLNQNAWNNLEKYSRSLTRSYQNVYVCTGPLFLPRTEADGKSYVKYQVIGKNHVAVPTHFFKVLILEAAGGQIELRTYVMPNAPVDEAIPLERFLVPIESIERASGLLFVPNILARAGSLKAITAGSK"
"FADD","Q13158","MDPFLVLLHSVSSSLSSSELTELKFLCLGRVGKRKLERVQSGLDLFSMLLEQNDLEPGHTELLRELLASLRRHDLLRRVDDFEAGAAAGAAPGEEDLCAAFNVICDNVGKDWRRLARQLKVSDTKIDSIEDRYPRNLTERVRESLRIWKNTEKENATVAHLVGALRSCQMNLVADLVQEVQQARDLQNRSGAMSPMSWNSDASTSEAS"
"FAS","P25445","MLGIWTLLPLVLTSVARLSSKSVNAQVTDINSKGLELRKTVTTVETQNLEGLHHDGQFCHKPCPPGERKARDCTVNGDEPDCVPCQEGKEYTDKAHFSSKCRRCRLCDEGHGLEVEINCTRTQNTKCRCKPNFFCNSTVCEHCDPCTKCEHGIIKECTLTSNTKCKEEGSRSNLGWLCLLLLPIPLIVWVKRKEVQKTCRKHRKENQGSHESPTLNPETVAINLSDVDLSKYITTIAGVMTLSQVKGFVRKNGVNEAKIDEIKNDNVQDTAEQKVQLLRNWHQLHGKKEAYDTLIKDLKKANLCTLAEKIQTIILKDITSDSENSNFRNEIQSLV"
"FASLG","P48023","MQQPFNYPYPQIYWVDSSASSPWAPPGTVLPCPTSVPRRPGQRRPPPPPPPPPLPPPPPPPPLPPLPLPPLKKRGNHSTGLCLLVMFFMVLVALVGLGLGMFQLFHLQKELAELRESTSQMHTASSLEKQIGHPSPPPEKKELRKVAHLTGKSNSRSMPLEWEDTYGIVLLSGVKYKKGGLVINETGLYFVYSKVYFRGQSCNNLPLSHKVYMRNSKYPQDLVMMEGKMMSYCTTGQMWARSSYLGAVFNLTSADHLYVNVSELSLVNFEESQTFFGLYKL"
"GAPDH","P04406","MGKVKVGVNGFGRIGRLVTRAAFNSGKVDIVAINDPFIDLNYMVYMFQYDSTHGKFHGTVKAENGKLVINGNPITIFQERDPSKIKWGDAGAEYVVESTGVFTTMEKAGAHLQGGAKRVIISAPSADAPMFVMGVNHEKYDNSLKIISNASCTTNCLAPLAKVIHDNFGIVEGLMTTVHAITATQKTVDGPSGKLWRDGRGALQNIIPASTGAAKAVGKVIPELNGKLTGMAFRVPTANVSVVDLTCRLEKPAKYDDIKKVVKQASEGPLKGILGYTEHQVVSSDFNSDTHSSTFDAGAGIALNDHFVKLISWYDNEFGYSNRVVDLMAHMASKE"
"HRK","O00198","MCPCPLHRGRGPPAVCACSAGRLGLRSSAAQLTAARLKALGDELHQRTMWRRRARSRRAPAPGALPTYWPWLCAAAQVAALAAWLLGRRNL"
"HTRA2","O43464","MAAPRAGRGAGWSLRAWRALGGIRWGRRPRLTPDLRALLTSGTSDPRARVTYGTPSLWARLSVGVTEPRACLTSGTPGPRAQLTAVTPDTRTREASENSGTRSRAWLAVALGAGGAVLLLLWGGGRGPPAVLAAVPSPPPASPRSQYNFIADVVEKTAPAVVYIEILDRHPFLGREVPISNGSGFVVAADGLIVTNAHVVADRRRVRVRLLSGDTYEAVVTAVDPVADIATLRIQTKEPLPTLPLGRSADVRQGEFVVAMGSPFALQNTITSGIVSSAQRPARDLGLPQTNVEYIQTDAAIDFGNSGGPLVNLDGEVIGVNTMKVTAGISFAIPSDRLREFLHRGEKKNSSSGISGSQRRYIGVMMLTLSPSILAELQLREPSFPDVQHGVLIHKVILGSPAHRAGLRPGDVILAIGEQMVQNAEDVYEAVRTQSQLAVQIRRGRETLTLYVTPEVTE"
"LRDD","Q9HB75","MAATVEGPELEAAAAAGDASEDSDAGSRALPFLGGNRLSLDLYPGGCQQLLHLCVQQPLQLLQVEFLRLSTHEDPQLLEATLAQLPQSLSCLRSLVLKGGQRRDTLGACLRGALTNLPAGLSGLAHLAHLDLSFNSLETLPACVLQMRGLGALLLSHNCLSELPEALGALPALTFLTVTHNRLQTLPPALGALSTLQRLDLSQNLLDTLPPEIGGLGSLLELNLASNRLQSLPASLAGLRSLRLLVLHSNLLASVPADLARLPLLTRLDLRDNQLRDLPPELLDAPFVRLQGNPLGEASPDAPSSPVAALIPEMPRLFLTSDLDSFPVTPQGCSVTLACGVRLQFPAGATATPITIRYRLLLPEPGLVPLGPHDALLSHVLELQPHGVAFQQDVGLWLLFTPPQARRCREVVVRTRNDNSWGDLETYLEEEAPQRLWAHCQVPHFSWFLVVSRPVSNACLVPPEGTLLCSSGHPGVKVIFPPGATEEPRRVSMQVVRMAGRELQALLGEPEAAVSPLLCLSQSGPPSFLQPVTVQLPLPSGITGLSLDRSRLHLLYWAPPAATWDDITAQVVLELTHLYARFQVTHFSWYWLWYTTKNCVGGLARKAWERLRLHRVNLIALQRRRDPEQVLLQCLPRNKVDATLRRLLERYRGPEPSDTVEMFEGEEFFAAFERGIDVDADRPDCVEGRICFVFYSHLKNVKEVYVTTTLDREAQAVRGQVSFYRGAVPVRVPEEAEAARQRKGADALWMATLPIKLPRLRGSEGPRRGAGLSLAPLNLGDAETGFLTQSNLLSVAGRLGLDWPAVALHLGVSYREVQRIRHEFRDDLDEQIRHMLFSWAERQAGQPGAVGLLVQALEQSDRQDVAEEVRAVLELGRRKYQDSIRRMGLAPKDPALPGSSAPQPPEPAQA"
"MALT1","Q9UDY8","MSLLGDPLQALPPSAAPTGPLLAPPAGATLNRLREPLLRRLSELLDQAPEGRGWRRLAELAGSRGRLRLSCLDLEQCSLKVLEPEGSPSLCLLKLMGEKGCTVTELSDFLQAMEHTEVLQLLSPPGIKITVNPESKAVLAGQFVKLCCRATGHPFVQYQWFKMNKEIPNGNTSELIFNAVHVKDAGFYVCRVNNNFTFEFSQWSQLDVCDIPESFQRSVDGVSESKLQICVEPTSQKLMPGSTLVLQCVAVGSPIPHYQWFKNELPLTHETKKLYMVPYVDLEHQGTYWCHVYNDRDSQDSKKVEIIIGRTDEAVECTEDELNNLGHPDNKEQTTDQPLAKDKVALLIGNMNYREHPKLKAPLVDVYELTNLLRQLDFKVVSLLDLTEYEMRNAVDEFLLLLDKGVYGLLYYAGHGYENFGNSFMVPVDAPNPYRSENCLCVQNILKLMQEKETGLNVFLLDMCRKRNDYDDTIPILDALKVTANIVFGYATCQGAEAFEIQHSGLANGIFMKFLKDRLLEDKKITVLLDEVAEDMGKCHLTKGKQALEIRSSLSEKRALTDPIQGTEYSAESLVRNLQWAKAHELPESMCLKFDCGVQIQLGFAAEFSNVMIIYTSIVYKPPEIIMCDAYVTDFPLDLDIDPKDANKGTPEETGSYLVSKDLPKHCLYTRLSSLQKLKEHLVFTVCLSYQYSGLEDTVEDKQEVNVGKPLIAKLDMHRGLGRKTCFQTCLMSNGPYQSSAATSGGAGHYHSLQDPFHGVYHSHPGNPSNVTPADSCHCSRTPDAFISSFAHHASCHFSRSNVPVETTDEIPFSFSDRLRISEK"
"MAPK8","P45983","MSRSKRDNNFYSVEIGDSTFTVLKRYQNLKPIGSGAQGIVCAAYDAILERNVAIKKLSRPFQNQTHAKRAYRELVLMKCVNHKNIIGLLNVFTPQKSLEEFQDVYIVMELMDANLCQVIQMELDHERMSYLLYQMLCGIKHLHSAGIIHRDLKPSNIVVKSDCTLKILDFGLARTAGTSFMMTPYVVTRYYRAPEVILGMGYKENVDLWSVGCIMGEMVCHKILFPGRDYIDQWNKVIEQLGTPCPEFMKKLQPTVRTYVENRPKYAGYSFEKLFPDVLFPADSEHNKLKASQARDLLSKMLVIDASKRISVDEALQHPYINVWYDPSEAEAPPPKIPDKQLDEREHTIEEWKELIYKEVMDLEERTKNGVIRGQPSPLGAAVINGSQHPSSSSSVNDVSSMSTDPTLASDTDSSLEAAAGPLGCCR"
"MCL1","Q07820","MFGLKRNAVIGLNLYCGGAGLGAGSGGATRPGGRLLATEKEASARREIGGGEAGAVIGGSAGASPPSTLTPDSRRVARPPPIGAEVPDVTATPARLLFFAPTRRAAPLEEMEAPAADAIMSPEEELDGYEPEPLGKRPAVLPLLELVGESGNNTSTDGSLPSTPPPAEEEEDELYRQSLEIISRYLREQATGAKDTKPMGRSGATSRKALETLRRVGDGVQRNHETAFQGMLRKLDIKNEDDVKSLSRVMIHVFSDGVTNWGRIVTLISFGAFVAKHLKTINQESCIEPLAESITDVLVRTKRDWLVKQRGWDGFVEFFHVEDLEGGIRNVLLAFAGVAGVGAGLAYLIR"
"MOAP1","Q96BY2","MTLRLLEDWCRGMDMNPRKALLIAGISQSCSVAEIEEALQAGLAPLGEYRLLGRMFRRDENRKVALVGLTAETSHALVPKEIPGKGGIWRVIFKPPDPDNTFLSRLNEFLAGEGMTVGELSRALGHENGSLDPEQGMIPEMWAPMLAQALEALQPALQCLKYKKLRVFSGRESPEPGEEEFGRWMFHTTQMIKAWQVPDVEKRRRLLESLRGPALDVIRVLKINNPLITVDECLQALEEVFGVTDNPRELQVKYLTTYQKDEEKLSAYVLRLEPLLQKLVQRGAIERDAVNQARLDQVIAGAVHKTIRRELNLPEDGPAPGFLQLLVLIKDYEAAEEEEALLQAILEGNFT"
"MYD88","Q99836","MAAGGPGAGSAAPVSSTSSLPLAALNMRVRRRLSLFLNVRTQVAADWTALAEEMDFEYLEIRQLETQADPTGRLLDAWQGRPGASVGRLLELLTKLGRDDVLLELGPSIEEDCQKYILKQQQEEAEKPLQVAAVDSSVPRTAELAGITTLDDPLGHMPERFDAFICYCPSDIQFVQEMIRQLEQTNYRLKLCVSDRDVLPGTCVWSIASELIEKRCRRMVVVVSDDYLQSKECDFQTKFALSLSPGAHQKRLIPIKYKAMKKEFPSILRFITVCDYTNPCTKSWFWTRLAKALSLP"
"NLRP1","Q9C000","MAGGAWGRLACYLEFLKKEELKEFQLLLANKAHSRSSSGETPAQPEKTSGMEVASYLVAQYGEQRAWDLALHTWEQMGLRSLCAQAQEGAGHSPSFPYSPSEPHLGSPSQPTSTAVLMPWIHELPAGCTQGSERRVLRQLPDTSGRRWREISASLLYQALPSSPDHESPSQESPNAPTSTAVLGSWGSPPQPSLAPREQEAPGTQWPLDETSGIYYTEIREREREKSEKGRPPWAAVVGTPPQAHTSLQPHHHPWEPSVRESLCSTWPWKNEDFNQKFTQLLLLQRPHPRSQDPLVKRSWPDYVEENRGHLIEIRDLFGPGLDTQEPRIVILQGAAGIGKSTLARQVKEAWGRGQLYGDRFQHVFYFSCRELAQSKVVSLAELIGKDGTATPAPIRQILSRPERLLFILDGVDEPGWVLQEPSSELCLHWSQPQPADALLGSLLGKTILPEASFLITARTTALQNLIPSLEQARWVEVLGFSESSRKEYFYRYFTDERQAIRAFRLVKSNKELWALCLVPWVSWLACTCLMQQMKRKEKLTLTSKTTTTLCLHYLAQALQAQPLGPQLRDLCSLAAEGIWQKKTLFSPDDLRKHGLDGAIISTFLKMGILQEHPIPLSYSFIHLCFQEFFAAMSYVLEDEKGRGKHSNCIIDLEKTLEAYGIHGLFGASTTRFLLGLLSDEGEREMENIFHCRLSQGRNLMQWVPSLQLLLQPHSLESLHCLYETRNKTFLTQVMAHFEEMGMCVETDMELLVCTFCIKFSRHVKKLQLIEGRQHRSTWSPTMVVLFRWVPVTDAYWQILFSVLKVTRNLKELDLSGNSLSHSAVKSLCKTLRRPRCLLETLRLAGCGLTAEDCKDLAFGLRANQTLTELDLSFNVLTDAGAKHLCQRLRQPSCKLQRLQLVSCGLTSDCCQDLASVLSASPSLKELDLQQNNLDDVGVRLLCEGLRHPACKLIRLGLDQTTLSDEMRQELRALEQEKPQLLIFSRRKPSVMTPTEGLDTGEMSNSTSSLKRQRLGSERAASHVAQANLKLLDVSKIFPIAEIAEESSPEVVPVELLCVPSPASQGDLHTKPLGTDDDFWGPTGPVATEVVDKEKNLYRVHFPVAGSYRWPNTGLCFVMREAVTVEIEFCVWDQFLGEINPQHSWMVAGPLLDIKAEPGAVEAVHLPHFVALQGGHVDTSLFQMAHFKEEGMLLEKPARVELHHIVLENPSFSPLGVLLKMIHNALRFIPVTSVVLLYHRVHPEEVTFHLYLIPSDCSIRKAIDDLEMKFQFVRIHKPPPLTPLYMGCRYTVSGSGSGMLEILPKELELCYRSPGEDQLFSEFYVGHLGSGIRLQVKDKKDETLVWEALVKPGDLMPATTLIPPARIAVPSPLDAPQLLHFVDQYREQLIARVTSVEVVLDKLHGQVLSQEQYERVLAENTRPSQMRKLFSLSQSWDRKCKDGLYQALKETHPHLIMELWEKGSKKGLLPLSS"
"NLRP3","Q96P20","MKMASTRCKLARYLEDLEDVDLKKFKMHLEDYPPQKGCIPLPRGQTEKADHVDLATLMIDFNGEEKAWAMAVWIFAAINRRDLYEKAKRDEPKWGSDNARVSNPTVICQEDSIEEEWMGLLEYLSRISICKMKKDYRKKYRKYVRSRFQCIEDRNARLGESVSLNKRYTRLRLIKEHRSQQEREQELLAIGKTKTCESPVSPIKMELLFDPDDEHSEPVHTVVFQGAAGIGKTILARKMMLDWASGTLYQDRFDYLFYIHCREVSLVTQRSLGDLIMSCCPDPNPPIHKIVRKPSRILFLMDGFDELQGAFDEHIGPLCTDWQKAERGDILLSSLIRKKLLPEASLLITTRPVALEKLQHLLDHPRHVEILGFSEAKRKEYFFKYFSDEAQARAAFSLIQENEVLFTMCFIPLVCWIVCTGLKQQMESGKSLAQTSKTTTAVYVFFLSSLLQPRGGSQEHGLCAHLWGLCSLAADGIWNQKILFEESDLRNHGLQKADVSAFLRMNLFQKEVDCEKFYSFIHMTFQEFFAAMYYLLEEEKEGRTNVPGSRLKLPSRDVTVLLENYGKFEKGYLIFVVRFLFGLVNQERTSYLEKKLSCKISQQIRLELLKWIEVKAKAKKLQIQPSQLELFYCLYEMQEEDFVQRAMDYFPKIEINLSTRMDHMVSSFCIENCHRVESLSLGFLHNMPKEEEEEEKEGRHLDMVQCVLPSSSHAACSHGLVNSHLTSSFCRGLFSVLSTSQSLTELDLSDNSLGDPGMRVLCETLQHPGCNIRRLWLGRCGLSHECCFDISLVLSSNQKLVELDLSDNALGDFGIRLLCVGLKHLLCNLKKLWLVSCCLTSACCQDLASVLSTSHSLTRLYVGENALGDSGVAILCEKAKNPQCNLQKLGLVNSGLTSVCCSALSSVLSTNQNLTHLYLRGNTLGDKGIKLLCEGLLHPDCKLQVLELDNCNLTSHCCWDLSTLLTSSQSLRKLSLGNNDLGDLGVMMFCEVLKQQSCLLQNLGLSEMYFNYETKSALETLQEEKPELTVVFEPSW"
"NOL3","O60936","MGNAQERPSETIDRERKRLVETLQADSGLLLDALLARGVLTGPEYEALDALPDAERRVRRLLLLVQGKGEAACQELLRCAQRTAGAPDPAWDWQHATGTAAMTLHAQATGRRRHPARGPHAPGCPELQTLTRPGALRAPRRCNPGPRRSQSQSWKLRPLKRLNRSRSQSQSWNPRLKQNQSRNWSQNRTQSPSPTSRKGTSPKIPEGQSSDRRCPAHAG"
"OPA1","O60313 ","MWRLRRAAVACEVCQSLVKHSSGIKGSLPLQKLHLVSRSIYHSHHPTLKLQRPQLRTSFQQFSSLTNLPLRKLKFSPIKYGYQPRRNFWPARLATRLLKLRYLILGSAVGGGYTAKKTFDQWKDMIPDLSEYKWIVPDIVWEIDEYIDFEKIRKALPSSEDLVKLAPDFDKIVESLSLLKDFFTSGSPEETAFRATDRGSESDKHFRKVSDKEKIDQLQEELLHTQLKYQRILERLEKENKELRKLVLQKDDKGIHHRKLKKSLIDMYSEVLDVLSDYDASYNTQDHLPRVVVVGDQSAGKTSVLEMIAQARIFPRGSGEMMTRSPVKVTLSEGPHHVALFKDSSREFDLTKEEDLAALRHEIELRMRKNVKEGCTVSPETISLNVKGPGLQRMVLVDLPGVINTVTSGMAPDTKETIFSISKAYMQNPNAIILCIQDGSVDAERSIVTDLVSQMDPHGRRTIFVLTKVDLAEKNVASPSRIQQIIEGKLFPMKALGYFAVVTGKGNSSESIEAIREYEEEFFQNSKLLKTSMLKAHQVTTRNLSLAVSDCFWKMVRESVEQQADSFKATRFNLETEWKNNYPRLRELDRNELFEKAKNEILDEVISLSQVTPKHWEEILQQSLWERVSTHVIENIYLPAAQTMNSGTFNTTVDIKLKQWTDKQLPNKAVEVAWETLQEEFSRFMTEPKGKEHDDIFDKLKEAVKEESIKRHKWNDFAEDSLRVIQHNALEDRSISDKQQWDAAIYFMEEALQARLKDTENAIENMVGPDWKKRWLYWKNRTQEQCVHNETKNELEKMLKCNEEHPAYLASDEITTVRKNLESRGVEVDPSLIKDTWHQVYRRHFLKTALNHCNLCRRGFYYYQRHFVDSELECNDVVLFWRIQRMLAITANTLRQQLTNTEVRRLEKNVKEVLEDFAEDGEKKIKLLTGKRVQLAEDLKKVREIQEKLDAFIEALHQEK"
"PMAIP1","Q13794","MPGKKARKNAQPSPARAPAELEVECATQLRRFGDKLNFRQKLLNLISKLFCSGT"
"PYCARD","Q9ULZ3","MGRARDAILDALENLTAEELKKFKLKLLSVPLREGYGRIPRGALLSMDALDLTDKLVSFYLETYGAELTANVLRDMGLQEMAGQLQAATHQGSGAAPAGIQAPPQSAAKPGLHFIDQHRAALIARVTNVEWLLDALYGKVLTDEQYQAVRAEPTNPSKMRKLFSFTPAWNWTCKDLLLQALRESQSYLVEDLERS"
"RIPK1","Q13546","MQPDMSLNVIKMKSSDFLESAELDSGGFGKVSLCFHRTQGLMIMKTVYKGPNCIEHNEALLEEAKMMNRLRHSRVVKLLGVIIEEGKYSLVMEYMEKGNLMHVLKAEMSTPLSVKGRIILEIIEGMCYLHGKGVIHKDLKPENILVDNDFHIKIADLGLASFKMWSKLNNEEHNELREVDGTAKKNGGTLYYMAPEHLNDVNAKPTEKSDVYSFAVVLWAIFANKEPYENAICEQQLIMCIKSGNRPDVDDITEYCPREIISLMKLCWEANPEARPTFPGIEEKFRPFYLSQLEESVEEDVKSLKKEYSNENAVVKRMQSLQLDCVAVPSSRSNSATEQPGSLHSSQGLGMGPVEESWFAPSLEHPQEENEPSLQSKLQDEANYHLYGSRMDRQTKQQPRQNVAYNREEERRRRVSHDPFAQQRPYENFQNTEGKGTAYSSAASHGNAVHQPSGLTSQPQVLYQNNGLYSSHGFGTRPLDPGTAGPRVWYRPIPSHMPSLHNIPVPETNYLGNTPTMPFSSLPPTDESIKYTIYNSTGIQIGAYNYMEIGGTSSSLLDSTNTNFKEEPAAKYQAIFDNTTSLTDKHLDPIRENLGKHWKNCARKLGFTQSQIDEIDHDYERDGLKEKVYQMLQKWVMREGIKGATVGKLAQALHQCSRIDLLSSLIYVSQN"
"RIPK3","Q9Y572","MSCVKLWPSGAPAPLVSIEELENQELVGKGGFGTVFRAQHRKWGYDVAVKIVNSKAISREVKAMASLDNEFVLRLEGVIEKVNWDQDPKPALVTKFMENGSLSGLLQSQCPRPWPLLCRLLKEVVLGMFYLHDQNPVLLHRDLKPSNVLLDPELHVKLADFGLSTFQGGSQSGTGSGEPGGTLGYLAPELFVNVNRKASTASDVYSFGILMWAVLAGREVELPTEPSLVYEAVCNRQNRPSLAELPQAGPETPGLEGLKELMQLCWSSEPKDRPSFQECLPKTDEVFQMVENNMNAAVSTVKDFLSQLRSSNRRFSIPESGQGGTEMDGFRRTIENQHSRNDVMVSEWLNKLNLEEPPSSVPKKCPSLTKRSRAQEEQVPQAWTAGTSSDSMAQPPQTPETSTFRNQMPSPTSTGTPSPGPRGNQGAERQGMNWSCRTPEPNPVTGRPLVNIYNCSGVQVGDNNYLTMQQTTALPTWGLAPSGKGRGLQHPPPVGSQEGPKDPEAWSRPQGWYNHSGK"
"SH3GLB1","Q9Y371","MNIMDFNVKKLAADAGTFLSRAVQFTEEKLGQAEKTELDAHLENLLSKAECTKIWTEKIMKQTEVLLQPNPNARIEEFVYEKLDRKAPSRINNPELLGQYMIDAGTEFGPGTAYGNALIKCGETQKRIGTADRELIQTSALNFLTPLRNFIEGDYKTIAKERKLLQNKRLDLDAAKTRLKKAKAAETRNSSEQELRITQSEFDRQAEITRLLLEGISSTHAHHLRCLNDFVEAQMTYYAQCYQYMLDLQKQLGSFPSNYLSNNNQTSVTPVPSVLPNAIGSSAMASTSGLVITSPSNLSDLKECSGSRKARVLYDYDAANSTELSLLADEVITVFSVVGMDSDWLMGERGNQKGKVPITYLELLN"
"TNF","P01375","MSTESMIRDVELAEEALPKKTGGPQGSRRCLFLSLFSFLIVAGATTLFCLLHFGVIGPQREEFPRDLSLISPLAQAVRSSSRTPSDKPVAHVVANPQAEGQLQWLNRRANALLANGVELRDNQLVVPSEGLYLIYSQVLFKGQGCPSTHVLLTHTISRIAVSYQTKVNLLSAIKSPCQRETPEGAEAKPWYEPIYLGGVFQLEKGDRLSAEINRPDYLDFAESGQVYFGIIAL"
"TNFRSF10A","O00220","MAPPPARVHLGAFLAVTPNPGSAASGTEAAAATPSKVWGSSAGRIEPRGGGRGALPTSMGQHGPSARARAGRAPGPRPAREASPRLRVHKTFKFVVVGVLLQVVPSSAATIKLHDQSIGTQQWEHSPLGELCPPGSHRSEHPGACNRCTEGVGYTNASNNLFACLPCTACKSDEEERSPCTTTRNTACQCKPGTFRNDNSAEMCRKCSRGCPRGMVKVKDCTPWSDIECVHKESGNGHNIWVILVVTLVVPLLLVAVLIVCCCIGSGCGGDPKCMDRVCFWRLGLLRGPGAEDNAHNEILSNADSLSTFVSEQQMESQEPADLTGVTVQSPGEAQCLLGPAEAEGSQRRRLLVPANGADPTETLMLFFDKFANIVPFDSWDQLMRQLDLTKNEIDVVRAGTAGPGDALYAMLMKWVNKTGRNASIHTLLDALERMEERHAREKIQDLLVDSGKFIYLEDGTGSAVSLE"
"TNFRSF10B","O14763","MEQRGQNAPAASGARKRHGPGPREARGARPGPRVPKTLVLVVAAVLLLVSAESALITQQDLAPQQRAAPQQKRSSPSEGLCPPGHHISEDGRDCISCKYGQDYSTHWNDLLFCLRCTRCDSGEVELSPCTTTRNTVCQCEEGTFREEDSPEMCRKCRTGCPRGMVKVGDCTPWSDIECVHKESGTKHSGEVPAVEETVTSSPGTPASPCSLSGIIIGVTVAAVVLIVAVFVCKSLLWKKVLPYLKGICSGGGGDPERVDRSSQRPGAEDNVLNEIVSILQPTQVPEQEMEVQEPAEPTGVNMLSPGESEHLLEPAEAERSQRRRLLVPANEGDPTETLRQCFDDFADLVPFDSWEPLMRKLGLMDNEIKVAKAEAAGHRDTLYTMLIKWVNKTGRDASVHTLLDALETLGERLAKQKIEDHLLSSGKFMYLEGNADSAMS"
"TNFRSF10C","O14798","MARIPKTLKFVVVIVAVLLPVLAYSATTARQEEVPQQTVAPQQQRHSFKGEECPAGSHRSEHTGACNPCTEGVDYTNASNNEPSCFPCTVCKSDQKHKSSCTMTRDTVCQCKEGTFRNENSPEMCRKCSRCPSGEVQVSNCTSWDDIQCVEEFGANATVETPAAEETMNTSPGTPAPAAEETMNTSPGTPAPAAEETMTTSPGTPAPAAEETMTTSPGTPAPAAEETMITSPGTPASSHYLSCTIVGIIVLIVLLIVFV"
"TNFRSF10D","Q9UBN6","MGLWGQSVPTASSARAGRYPGARTASGTRPWLLDPKILKFVVFIVAVLLPVRVDSATIPRQDEVPQQTVAPQQQRRSLKEEECPAGSHRSEYTGACNPCTEGVDYTIASNNLPSCLLCTVCKSGQTNKSSCTTTRDTVCQCEKGSFQDKNSPEMCRTCRTGCPRGMVKVSNCTPRSDIKCKNESAASSTGKTPAAEETVTTILGMLASPYHYLIIIVVLVIILAVVVVGFSCRKKFISYLKGICSGGGGGPERVHRVLFRRRSCPSRVPGAEDNARNETLSNRYLQPTQVSEQEIQGQELAELTGVTVESPEEPQRLLEQAEAEGCQRRRLLVPVNDADSADISTLLDASATLEEGHAKETIQDQLVGSEKLFYEEDEAGSATSCL"
"TNFRSF1A","P19438","MGLSTVPDLLLPLVLLELLVGIYPSGVIGLVPHLGDREKRDSVCPQGKYIHPQNNSICCTKCHKGTYLYNDCPGPGQDTDCRECESGSFTASENHLRHCLSCSKCRKEMGQVEISSCTVDRDTVCGCRKNQYRHYWSENLFQCFNCSLCLNGTVHLSCQEKQNTVCTCHAGFFLRENECVSCSNCKKSLECTKLCLPQIENVKGTEDSGTTVLLPLVIFFGLCLLSLLFIGLMYRYQRWKSKLYSIVCGKSTPEKEGELEGTTTKPLAPNPSFSPTPGFTPTLGFSPVPSSTFTSSSTYTPGDCPNFAAPRREVAPPYQGADPILATALASDPIPNPLQKWEDSAHKPQSLDTDDPATLYAVVENVPPLRWKEFVRRLGLSDHEIDRLELQNGRCLREAQYSMLATWRRRTPRREATLELLGRVLRDMDLLGCLEDIEEALCGPAALPPAPSLLR"
"TNFRSF1B","P20333","MAPVAVWAALAVGLELWAAAHALPAQVAFTPYAPEPGSTCRLREYYDQTAQMCCSKCSPGQHAKVFCTKTSDTVCDSCEDSTYTQLWNWVPECLSCGSRCSSDQVETQACTREQNRICTCRPGWYCALSKQEGCRLCAPLRKCRPGFGVARPGTETSDVVCKPCAPGTFSNTTSSTDICRPHQICNVVAIPGNASMDAVCTSTSPTRSMAPGAVHLPQPVSTRSQHTQPTPEPSTAPSTSFLLPMGPSPPAEGSTGDFALPVGLIVGVTALGLLIIGVVNCVIMTQVKKKPLCLQREAKVPHLPADKARGTQGPEQQHLLITAPSSSSSSLESSASALDRRAPTRNQPQAPGVEASGAGEARASTGSSDSSPGGHGTQVNVTCIVNVCSSSDHSSQCSSQASSTMGDTDSSPSESPKDEQVPFSKEECAFRSQLETPETLLGSTEEKPLPLGVPDAGMKPS"
"TNFSF10","P50591","MAMMEVQGGPSLGQTCVLIVIFTVLLQSLCVAVTYVYFTNELKQMQDKYSKSGIACFLKEDDSYWDPNDEESMNSPCWQVKWQLRQLVRKMILRTSEETISTVQEKQQNISPLVRERGPQRVAAHITGTRGRSNTLSSPNSKNEKALGRKINSWESSRSGHSFLSNLHLRNGELVIHEKGFYYIYSQTYFRFQEEIKENTKNDKQMVQYIYKYTSYPDPILLMKSARNSCWSKDAEYGLYSIYQGGIFELKENDRIFVSVTNEHLIDMDHEASFFGAFLVG"
"TP53","P04637","MEEPQSDPSVEPPLSQETFSDLWKLLPENNVLSPLPSQAMDDLMLSPDDIEQWFTEDPGPDEAPRMPEAAPPVAPAPAAPTPAAPAPAPSWPLSSSVPSQKTYQGSYGFRLGFLHSGTAKSVTCTYSPALNKMFCQLAKTCPVQLWVDSTPPPGTRVRAMAIYKQSQHMTEVVRRCPHHERCSDSDGLAPPQHLIRVEGNLRVEYLDDRNTFRHSVVVPYEPPEVGSDCTTIHYNYMCNSSCMGGMNRRPILTIITLEDSSGNLLGRNSFEVRVCACPGRDRRTEEENLRKKGEPHHELPPGSTKRALPNNTSSSPQPKKKPLDGEYFTLQIRGRERFEMFRELNEALELKDAQAGKEPGGSRAHSSHLKSKKGQSTSRHKKLMFKTEGPDSD"
"TRADD","Q15628","MAAGQNGHEEWVGSAYLFVESSLDKVVLSDAYAHPQQKVAVYRALQAALAESGGSPDVLQMLKIHRSDPQLIVQLRFCGRQPCGRFLRAYREGALRAALQRSLAAALAQHSVPLQLELRAGAERLDALLADEERCLSCILAQQPDRLRDEELAELEDALRNLKCGSGARGGDGEVASAPLQPPVPSLSEVKPPPPPPPAQTFLFQGQPVVNRPLSLKDQQTFARSVGLKWRKVGRSLQRGCRALRDPALDSLAYEYEREGLYEQAFQLLRRFVQAEGRRATLQRLVEALEENELTSLAEDLLGLTDPNGGLA"
"TRAF1","Q13077","MASSSGSSPRPAPDENEFPFGCPPTVCQDPKEPRALCCAGCLSENPRNGEDQICPKCRGEDLQSISPGSRLRTQEKAHPEVAEAGIGCPFAGVGCSFKGSPQSVQEHEVTSQTSHLNLLLGFMKQWKARLGCGLESGPMALEQNLSDLQLQAAVEVAGDLEVDCYRAPCSESQEELALQHFMKEKLLAELEGKLRVFENIVAVLNKEVEASHLALATSIHQSQLDRERILSLEQRVVELQQTLAQKDQALGKLEQSLRLMEEASFDGTFLWKITNVTRRCHESACGRTVSLFSPAFYTAKYGYKLCLRLYLNGDGTGKRTHLSLFIVIMRGEYDALLPWPFRNKVTFMLLDQNNREHAIDAFRPDLSSASFQRPQSETNVASGCPLFFPLSKLQSPKHAYVKDDTMFLKCIVETST"
"TRAF2","Q12933","MAAASVTPPGSLELLQPGFSKTLLGTKLEAKYLCSACRNVLRRPFQAQCGHRYCSFCLASILSSGPQNCAACVHEGIYEEGISILESSSAFPDNAARREVESLPAVCPSDGCTWKGTLKEYESCHEGRCPLMLTECPACKGLVRLGEKERHLEHECPERSLSCRHCRAPCCGADVKAHHEVCPKFPLTCDGCGKKKIPREKFQDHVKTCGKCRVPCRFHAIGCLETVEGEKQQEHEVQWLREHLAMLLSSVLEAKPLLGDQSHAGSELLQRCESLEKKTATFENIVCVLNREVERVAMTAEACSRQHRLDQDKIEALSSKVQQLERSIGLKDLAMADLEQKVLEMEASTYDGVFIWKISDFARKRQEAVAGRIPAIFSPAFYTSRYGYKMCLRIYLNGDGTGRGTHLSLFFVVMKGPNDALLRWPFNQKVTLMLLDQNNREHVIDAFRPDVTSSSFQRPVNDMNIASGCPLFCPVSKMEAKNSYVRDDAIFIKAIVDLTGL"
"XAF1","Q6GPH4","MEGDFSVCRNCKRHVVSANFTLHEAYCLRFLVLCPECEEPVPKETMEEHCKLEHQQVGCTMCQQSMQKSSLEFHKANECQERPVECKFCKLDMQLSKLELHESYCGSRTELCQGCGQFIMHRMLAQHRDVCRSEQAQLGKGERISAPEREIYCHYCNQMIPENKYFHHMGKCCPDSEFKKHFPVGNPEILPSSLPSQAAENQTSTMEKDVRPKTRSINRFPLHSESSSKKAPRSKNKTLDPLLMSEPKPRTSSPRGDKAAYDILRRCSQCGILLPLPILNQHQEKCRWLASSKGKQVRNFS"
"XIAP","P98170","MTFNSFEGSKTCVPADINKEEEFVEEFNRLKTFANFPSGSPVSASTLARAGFLYTGEGDTVRCFSCHAAVDRWQYGDSAVGRHRKVSPNCRFINGFYLENSATQSTNSGIQNGQYKVENYLGSRDHFALDRPSETHADYLLRTGQVVDISDTIYPRNPAMYSEEARLKSFQNWPDYAHLTPRELASAGLYYTGIGDQVQCFCCGGKLKNWEPCDRAWSEHRRHFPNCFFVLGRNLNIRSESDAVSSDRNFPNSTNLPRNPSMADYEARIFTFGTWIYSVNKEQLARAGFYALGEGDKVKCFHCGGGLTDWKPSEDPWEQHAKWYPGCKYLLEQKGQEYINNIHLTHSLEECLVRTTEKTPSLTRRIDDTIFQNPMVQEAIRMGFSFKDIKKIMEEKIQISGSNYKSLEVLVADLVNAQKDSMQDESSQTSLQKEISTEEQLRRLQEEKLCKICMDRNIAIVFVPCGHLVTCKQCAEAVDKCPMCYTVITFKQKIFMS"
